map,model,seed,success,first_iteration,reported_cost,L_G,robot_mean,robot_max,gap,path_nodes,plan_time_s
random_circles,orientation,0,1,107,12.306984503773629,12.30698450377363,12.306974848373287,12.306974848373303,0.1808297281827378,0,0.7935259030200541
random_circles,orientation,1,1,149,14.156260221951097,14.156260221951097,14.15623591849466,14.15623591849467,0.18476878469820146,0,0.7766724959947169
random_circles,orientation,2,1,263,12.720127254374093,12.720127254374093,12.720113519515092,12.720113519515097,0.22059476986302284,0,1.075796663062647
random_circles,orientation,3,1,283,13.59242987655575,13.59242987655575,13.592413086391183,13.592413086391197,0.18061004106860734,0,1.2031286938581616
random_circles,orientation,4,1,127,13.47123153425308,13.471231534253077,13.471212113739377,13.471212113739403,0.237836823346197,0,1.0931611629202962
random_circles,orientation,5,1,199,12.64595074117712,12.645950741177119,12.645937952122152,12.645937952122184,0.2465889132072685,0,0.7658059298992157
random_circles,orientation,6,1,319,12.45172246736964,12.451722467369638,12.45171476619825,12.451714766198254,0.27568240048379744,0,0.7584013629239053
random_circles,orientation,7,1,236,12.405968036030579,12.405968036030579,12.405959439028848,12.405959439028859,0.20999189870376656,0,0.722796426853165
random_circles,orientation,8,1,167,12.564261848871304,12.564261848871302,12.564252278621398,12.564252278621401,0.26876780425449764,0,1.2294506959151477
random_circles,orientation,9,1,159,13.335899173867473,13.335899173867473,13.335883834145271,13.335883834145282,0.207455815165821,0,1.1931974480394274
random_circles,orientation,10,1,182,12.682681086413412,12.682681086413414,12.682668063641582,12.682668063641591,0.18631194981735488,0,1.2710601440630853
random_circles,orientation,11,1,378,13.004885755980151,13.004885755980151,13.004871764058025,13.004871764058041,0.18142574714031445,0,1.2517163469456136
random_circles,orientation,12,1,336,14.13714183488057,14.13714183488057,14.137120803617744,14.137120803617764,0.18485829034522117,0,0.7479414260014892
random_circles,orientation,13,1,237,12.863368789281203,12.863368789281203,12.86335366781002,12.863353667810028,0.1845764858566663,0,0.9859051760286093
random_circles,orientation,14,1,267,12.131523595295468,12.131523595295471,12.131512798806787,12.131512798806794,0.26780444399468656,0,1.1434102891944349
random_circles,orientation,15,1,149,12.99377702656506,12.993777026565061,12.99376149854736,12.99376149854737,0.2320558210703143,0,1.1143923220224679
random_circles,orientation,16,1,257,13.393322443998692,13.393322443998693,13.39330670562931,13.393306705629325,0.27860366811947435,0,1.1984619861468673
random_circles,orientation,17,1,106,13.742823731043263,13.742823731043266,13.742804396225667,13.742804396225692,0.1502771972881921,0,1.1692610681056976
random_circles,orientation,18,1,537,13.250318436838853,13.250318436838853,13.250302914434691,13.250302914434702,0.17989326619366208,0,1.179560659918934
random_circles,orientation,19,1,192,13.250409825765368,13.250409825765368,13.250395623140399,13.250395623140415,0.2044796881924542,0,1.2035172421019524
random_circles,first_order,0,1,224,12.584279716866268,12.678979947434822,11.647594494867517,11.979736030789983,0.2835572943166782,16,0.596199553925544
random_circles,first_order,1,1,317,13.967033504888077,14.14368274312871,12.235017477465782,12.612355663219756,0.10761534465489118,29,0.391701984917745
random_circles,first_order,2,1,635,12.240416710502688,12.306060953387098,11.157678265865567,12.043091773047621,0.3176515035026113,17,0.3642546071205288
random_circles,first_order,3,1,423,12.763253029875699,12.924621525873096,11.17294659994107,11.863918809510762,0.27719546690901664,17,0.38101393007673323
random_circles,first_order,4,1,176,13.477430478135439,13.678463717585062,11.37085791892805,12.957789040446292,0.191120244032994,18,0.3948518489487469
random_circles,first_order,5,1,471,14.046912096046826,14.222133077593707,12.047196150915786,12.73801358156363,0.3671371332216764,17,0.3905930700711906
random_circles,first_order,6,1,103,12.644160181701455,12.818397692556658,11.377836338682933,12.281819345056128,0.16733457168479776,17,0.403045877115801
random_circles,first_order,7,1,155,12.039644804139291,12.141071538716112,11.044371861237323,11.818360518656188,0.27762072960818873,15,0.40494777308776975
random_circles,first_order,8,1,167,12.57989406471892,12.68807553550391,11.682264201083859,11.960427854498992,0.1962424104718523,17,0.38325497903861105
random_circles,first_order,9,1,271,12.476717477277463,12.587171941473647,11.193198032590873,11.889413064487734,0.27813073493729784,16,0.38286540005356073
random_circles,first_order,10,1,303,13.93200584162238,14.103402583842728,12.33008043126601,13.043002534935725,0.21782345756591726,18,0.36198586598038673
random_circles,first_order,11,1,249,12.744065101798931,12.89508770608817,11.635150528202548,12.26722191403754,0.18068487298579106,17,0.369775417027995
random_circles,first_order,12,1,216,12.63435056271759,12.776343037147466,11.439178939202709,11.905510756792584,0.20191412124718555,17,0.5972230129409581
random_circles,first_order,13,1,166,12.822736467195082,13.012695108540388,11.41618261779413,12.023054432496702,0.18006178818725482,20,0.6002675641793758
random_circles,first_order,14,1,404,12.490384077863654,12.599415864405257,11.157318204659356,11.504853730599745,0.18007610938267904,15,0.5808229490648955
random_circles,first_order,15,1,479,12.915358980646385,13.044140494983568,11.886010530805128,11.936647575029003,0.31188211280788325,15,0.4919090778566897
random_circles,first_order,16,1,190,13.28070427596038,13.498313569503484,11.256052013567054,12.629675971984236,0.2889784297847515,17,0.6383697541896254
random_circles,first_order,17,1,224,13.745514135218796,13.86827877535865,12.114491606310315,12.760483660820944,0.0802405337147523,30,0.6244823900051415
random_circles,first_order,18,1,254,12.428674943463896,12.585328194460597,11.136268069457621,11.970355573893114,0.21412144311758047,18,0.6219144519418478
random_circles,first_order,19,1,219,12.620520838489165,12.804556658871583,11.365328001056202,11.964754883373265,0.08051864522372502,30,0.5806080838665366
random_circles,second_order,0,1,224,12.574847295999652,12.678029920532454,11.646790214324486,11.979378035559005,0.2835572943166782,16,0.6269737419206649
random_circles,second_order,1,1,317,13.966944002665313,14.1244417126122,12.15502524418887,12.633685516067251,0.10799399426269334,29,0.7211716528981924
random_circles,second_order,2,1,635,12.228998468149152,12.294205951891914,11.15772226803382,11.988004093618311,0.2815596332784538,17,0.7276956681162119
random_circles,second_order,3,1,402,12.856852430273987,12.980726216208417,11.18929748429401,11.873992009301999,0.2811669877143097,16,0.8604406479280442
random_circles,second_order,4,1,176,13.542714370226577,13.690479237380227,11.681404914731285,13.069678030822367,0.191120244032994,16,0.9657130800187588
random_circles,second_order,5,1,415,13.386421187285046,13.573803294561678,12.115980622984004,13.11040126702299,0.2465889132072685,17,0.9632152628619224
random_circles,second_order,6,1,103,12.646989914511174,12.835504195820826,11.285064436567271,12.374380794402756,0.169175963471978,18,0.7934292119462043
random_circles,second_order,7,1,155,12.031027802008396,12.141110894310554,11.045829021554628,11.81847679454381,0.27762072960818873,15,0.6601030011661351
random_circles,second_order,8,1,167,12.582173344080555,12.692027813428457,11.699678158897248,11.999189457345018,0.1962424104718523,17,0.7865286748856306
random_circles,second_order,9,1,271,12.493191598596434,12.608355167433405,11.161696195860669,11.873992819560321,0.27813073493729784,16,0.736177820013836
random_circles,second_order,10,1,303,13.838160414754812,14.030680470156376,12.055537791824257,13.148840225784532,0.21782345756591726,18,0.7206966720987111
random_circles,second_order,11,1,249,12.728302023579788,12.897520233236861,11.639799317771967,12.2676956752315,0.18069170940610624,17,0.7385177710093558
random_circles,second_order,12,1,216,12.640002680920043,12.778218003597727,11.442117567839428,11.909569815489121,0.20191412124718555,17,0.6370129191782326
random_circles,second_order,13,1,245,12.381651743354189,12.521714018932727,11.481861409027417,11.994541394083628,0.08682849078871761,23,0.7065264859702438
random_circles,second_order,14,1,404,12.500235103132503,12.600782548504874,11.160830123683796,11.511526552609075,0.18007610938267904,15,0.5565970120951533
random_circles,second_order,15,1,479,12.924609607411355,13.04448963993881,11.886738503551246,11.93859927237186,0.31188211280788325,15,0.5399966060649604
random_circles,second_order,16,1,290,13.452925223690281,13.634978136612556,11.893501113128277,12.444230827567367,0.19064492305168157,18,0.9800076310057193
random_circles,second_order,17,1,224,13.707628923053162,13.881620842927848,12.17603205063362,12.843488650839458,0.08019307949967068,30,0.9571851179935038
random_circles,second_order,18,1,254,12.430374541571664,12.586380145657975,11.139261961484717,11.970830062751507,0.21412648765214087,18,0.9185138989705592
random_circles,second_order,19,1,192,13.353926712670475,13.578357736883124,11.559958570501234,12.35114750440533,0.07376373632751813,30,0.975223682122305
random_circles,polyhedral,0,1,43,12.483481177898344,12.483481177898343,11.511738042235596,12.238624886586614,0.27260962247041953,10,3.4375979681499302
random_circles,polyhedral,1,1,50,11.629468337408642,11.629468337408642,11.225615642439923,11.327597725973334,0.09890718224301147,9,3.9172527310438454
random_circles,polyhedral,2,1,78,12.68442955205789,12.68442955205789,11.880391367909164,12.360923945600172,0.15866469988020304,11,4.088342129951343
random_circles,polyhedral,3,1,81,11.427995204747802,11.427995204747802,10.87580492311314,11.07302789132296,0.24609784836793686,12,3.34593598311767
random_circles,polyhedral,4,1,107,11.917998055847098,11.917998055847095,11.04218019111777,11.135375236311921,0.09204807280348316,15,4.901538230944425
random_circles,polyhedral,5,1,52,11.95444202055769,11.954442020557687,11.074112385023259,11.513311428375745,0.16500193052733264,9,3.468134246999398
random_circles,polyhedral,6,1,60,11.424049354680104,11.424049354680106,10.941911982015743,11.031020730585775,0.28566141049752247,8,2.9401092941407114
random_circles,polyhedral,7,1,51,11.225291835614987,11.225291835614986,10.815799913935246,11.043709708023766,0.21581080514804152,7,2.947220470989123
random_circles,polyhedral,8,1,48,11.661865664592682,11.66186566459268,10.981827680819212,11.472430865941433,0.18099953509378475,9,3.702810859074816
random_circles,polyhedral,9,1,38,11.105525528566341,11.105525528566341,10.687662991226375,10.994180717008664,0.2048354718006391,8,4.7531275590881705
random_circles,polyhedral,10,1,67,11.410289509365684,11.410289509365683,10.8320554258329,10.853458355186833,0.1619911002735817,10,4.538272314006463
random_circles,polyhedral,11,1,83,11.916327583592006,11.916327583592006,11.224926256547235,11.729877668105882,0.15068146162615698,12,3.7314682751893997
random_circles,polyhedral,12,1,37,11.759413985809074,11.759413985809074,11.16428514925097,11.302723047007603,0.36070036120132665,8,4.978720901999623
random_circles,polyhedral,13,1,49,12.428262615795454,12.428262615795457,11.137287222870164,11.447511165386576,0.19865294641833975,11,3.078207811107859
random_circles,polyhedral,14,1,63,11.771820934863877,11.771820934863879,11.176947165805915,11.320081803724436,0.08489951204281097,10,2.8990563708357513
random_circles,polyhedral,15,1,28,11.09433845694538,11.094338456945382,10.64622192025735,10.875805499848333,0.23035047407751225,9,2.9105732389725745
random_circles,polyhedral,16,1,51,12.473246497636682,12.47324649763668,11.95936075247249,12.172420662037792,0.24386042978517147,11,3.909463712014258
random_circles,polyhedral,17,1,110,11.697840422367031,11.697840422367035,10.926976970139206,11.463714238530223,0.10699158315181388,11,4.187243676977232
random_circles,polyhedral,18,1,49,11.228833669360624,11.228833669360624,10.916463865063756,11.14526899896732,0.22337125584112583,9,2.900555426022038
random_circles,polyhedral,19,1,65,11.514418177292463,11.514418177292464,11.027330825434207,11.298070504229626,0.24698424845480504,8,2.9028943609446287
random_circles,polyhedral_tube,0,1,153,11.998314058640515,11.998314058640513,11.067146569179082,11.587055074299375,0.1649135059391575,14,1.6449892609380186
random_circles,polyhedral_tube,1,1,148,11.631460033234656,11.631460033234656,10.827134590402885,11.595687833875687,0.2171187761834406,10,1.5364765638951212
random_circles,polyhedral_tube,2,1,176,12.233796357318955,12.233796357318955,11.160980925903246,12.024763023107695,0.3152105707650823,14,1.0485081719234586
random_circles,polyhedral_tube,3,1,113,11.791607626837909,11.791607626837905,11.05483359918998,11.286220468371644,0.24105738575772273,10,1.100074842106551
random_circles,polyhedral_tube,4,1,69,11.547121535730371,11.54712153573037,10.747566690921298,10.83327721677152,0.22335421644542747,11,1.6593612590804696
random_circles,polyhedral_tube,5,1,59,11.617573574197795,11.617573574197795,10.804477221546396,10.878382155975592,0.18785931153897034,12,1.64475606684573
random_circles,polyhedral_tube,6,1,53,11.716938706217656,11.716938706217658,10.828479442457446,11.05256938001872,0.26619328225393546,11,1.3116245369892567
random_circles,polyhedral_tube,7,1,185,12.556928844964,12.556928844963998,11.32763965352331,11.98474500469118,0.08667665634338088,11,1.1901077879592776
random_circles,polyhedral_tube,8,1,152,11.953786766057029,11.953786766057029,10.816638394897502,11.295291008561863,0.15701732716752187,11,1.6079054509755224
random_circles,polyhedral_tube,9,1,91,11.805489255577635,11.805489255577635,11.215064475060986,11.285020816712096,0.23989527203241423,12,1.640051744878292
random_circles,polyhedral_tube,10,1,89,12.148059897346778,12.148059897346776,11.02148001557623,11.52049472783204,0.2247299863700838,9,1.541030571097508
random_circles,polyhedral_tube,11,1,78,11.997857969846475,11.997857969846475,11.306068195060073,11.492214479524101,0.29180073470106965,10,1.5652230149134994
random_circles,polyhedral_tube,12,1,104,12.324938117275947,12.324938117275945,11.219648459946534,11.762867638906835,0.14588583743854616,13,1.7653661980293691
random_circles,polyhedral_tube,13,1,75,11.9236914012271,11.923691401227098,11.031546680596572,11.199965872254145,0.21843939064618184,12,1.643698776839301
random_circles,polyhedral_tube,14,1,117,12.163453198634194,12.163453198634192,10.842759237805225,11.745825253005819,0.35926858283866486,12,1.0889096520841122
random_circles,polyhedral_tube,15,1,101,12.21698720944379,12.21698720944379,11.02070700674982,11.914611069266153,0.21638838743604233,15,0.9398378250189126
random_circles,polyhedral_tube,16,1,115,12.262808480463022,12.262808480463022,11.195492117644932,11.859275535538861,0.24892102389224702,11,1.0728357250336558
random_circles,polyhedral_tube,17,1,77,11.330613999259336,11.330613999259334,10.775058660695795,11.031821328185114,0.23201294281369433,8,0.9946441620122641
random_circles,polyhedral_tube,18,1,158,12.372430073271838,12.372430073271838,10.99655190583934,11.63076867583378,0.1919014975367248,10,1.1953989288304
random_circles,polyhedral_tube,19,1,103,11.377302534691829,11.37730253469183,10.767995074658632,10.869723370894956,0.09219870379338667,11,1.289715063991025
single_post,orientation,0,1,132,11.575986186188688,11.57598618618869,11.57598003103888,11.575980031038883,0.20226686556328888,0,0.569076320156455
single_post,orientation,1,1,220,12.512766148281482,12.51276614828148,12.512753206376807,12.512753206376818,0.18121120577964023,0,0.6004396060016006
single_post,orientation,2,1,89,12.240975262008392,12.240975262008394,12.240966930757985,12.240966930758024,0.19103461792224286,0,0.5508511189837009
single_post,orientation,3,1,121,12.045067674140759,12.045067674140757,12.045058033261993,12.045058033262004,0.2862906897835944,0,0.5800715549848974
single_post,orientation,4,1,141,12.529676989245797,12.529676989245802,12.529664519006644,12.529664519006664,0.18722090691057458,0,0.9125324098858982
single_post,orientation,5,1,176,12.03634157774786,12.036341577747862,12.036332532130288,12.036332532130297,0.19440573412891782,0,0.8805488660000265
single_post,orientation,6,1,68,11.543496829936654,11.543496829936654,11.543488598121446,11.543488598121455,0.18263379837515847,0,0.8318682841490954
single_post,orientation,7,1,113,11.088717695082448,11.088717695082444,11.088711323975748,11.088711323975753,0.07204571045948245,0,0.7393278449308127
single_post,orientation,8,1,170,11.806751048925635,11.806751048925635,11.80674491774625,11.806744917746283,0.2046664274602965,0,0.6353529409971088
single_post,orientation,9,1,135,11.547435706505352,11.547435706505349,11.547429484472616,11.547429484472621,0.23171678901607917,0,0.6797968819737434
single_post,orientation,10,1,99,12.47356205563863,12.473562055638627,12.47354794591015,12.473547945910154,0.2576292435733042,0,0.626000395976007
single_post,orientation,11,1,102,12.190859946431676,12.190859946431674,12.190847798203965,12.190847798203984,0.15586987262134067,0,0.6004139080177993
single_post,orientation,12,1,191,12.140449804607684,12.140449804607687,12.140439905717901,12.140439905717914,0.07293746106174655,0,0.8696799019817263
single_post,orientation,13,1,107,11.665379366722501,11.665379366722503,11.665374437710469,11.665374437710483,0.20839166362218053,0,0.9066833420656621
single_post,orientation,14,1,202,12.507733193746153,12.507733193746155,12.507721307554707,12.507721307554728,0.3354457321955695,0,0.7577462799381465
single_post,orientation,15,1,93,11.817000000100816,11.817000000100816,11.816992738907178,11.816992738907205,0.31188211280788325,0,0.5558033718261868
single_post,orientation,16,1,144,12.112385671620101,12.112385671620103,12.112374339008133,12.112374339008138,0.10115437648961707,0,0.7874357600230724
single_post,orientation,17,1,130,12.952322770102535,12.952322770102533,12.952309034601557,12.952309034601564,0.18666129991047908,0,0.5973674179986119
single_post,orientation,18,1,66,11.49532156678439,11.49532156678439,11.495312718976834,11.49531271897686,0.18448866341211323,0,0.5724179120734334
single_post,orientation,19,1,192,11.453951052039198,11.453951052039198,11.453945513096082,11.453945513096086,0.2812263373320012,0,0.5820557589177042
single_post,first_order,0,1,125,11.684053685895991,11.72522632538083,10.910518239426047,11.291799630272797,0.1890139347299029,15,0.5993599090725183
single_post,first_order,1,1,185,12.05873537110985,12.1585413010369,10.72361599338312,11.023526824027305,0.243435605063405,16,0.602297832025215
single_post,first_order,2,1,80,11.662225074358643,11.758484049815918,10.92135509514505,11.143734022811978,0.32219002445321143,15,0.6015462381765246
single_post,first_order,3,1,135,11.997371242858847,12.15558311701034,10.957461354350658,11.303196975694474,0.22004595843740793,17,0.6256453800015152
single_post,first_order,4,1,103,12.040172690003859,12.108200410799718,10.732779775188531,11.37352210343567,0.21039262000858683,18,0.3814963009208441
single_post,first_order,5,1,174,11.32297835606141,11.380756828745138,10.726837667064542,11.029644392139435,0.18333422791568,16,0.3728651278652251
single_post,first_order,6,1,151,12.351875629336126,12.543316951311922,10.962887712338064,11.353352104207094,0.2539812640893113,17,0.3531269340310246
single_post,first_order,7,1,164,11.99326342134136,12.120457593309343,11.126907195648876,11.837467574759415,0.23904300600421036,16,0.42183090397156775
single_post,first_order,8,1,152,11.661766418139688,11.720353055551112,10.726043457367487,11.224428971119574,0.08351532286896159,23,0.562953176908195
single_post,first_order,9,1,159,11.906081827666576,12.070756178939153,10.801306785085535,11.462354247187287,0.2688125568589519,16,0.5548182749189436
single_post,first_order,10,1,138,11.931237218230795,12.070211218442873,11.018179525466545,11.131824091523253,0.32436683584026804,15,0.5588936319109052
single_post,first_order,11,1,130,11.747469171481905,11.880610580037043,10.7214482363208,11.290626914928366,0.14721777826862936,19,0.5762720250058919
single_post,first_order,12,1,202,12.836526793283587,13.000365264090263,11.195093642117104,11.77792229472874,0.19135857251737542,16,0.5878755908925086
single_post,first_order,13,1,175,12.086430521145932,12.195895331345927,10.659480896875586,11.018774972499044,0.0726469758466959,38,0.5842069790232927
single_post,first_order,14,1,150,12.054454303714584,12.208647093563867,10.943842631873999,11.293037238935586,0.07488460938456805,27,0.5907892230898142
single_post,first_order,15,1,140,12.243846910740858,12.405780035862726,11.346439432787829,11.597291612804216,0.28623512270358153,15,0.6140467459335923
single_post,first_order,16,1,159,11.594642042606838,11.720831092177415,10.773953662767738,11.04995410868694,0.20097105280789362,15,0.5911155329085886
single_post,first_order,17,1,106,11.558189750837371,11.719071824282974,10.697618848863936,10.819204953719554,0.14912751112109213,19,0.575082965195179
single_post,first_order,18,1,81,10.98161216805257,11.083704147287586,10.253352414513104,10.715565572975883,0.09100735389332255,23,0.5725617150310427
single_post,first_order,19,1,169,11.62840781484129,11.810565582196574,10.500848666412935,10.757150263834415,0.21773497376684992,18,0.5859841979108751
single_post,second_order,0,1,125,11.688583428900566,11.725252115523427,10.910571784937847,11.29190771215544,0.1890139347299029,15,0.6130885279271752
single_post,second_order,1,1,185,12.144229778337849,12.226541136335525,10.754420888863972,11.049604273459316,0.250629511396832,17,0.5790459599811584
single_post,second_order,2,1,80,11.683256250117541,11.766496142812944,10.92482605273838,11.14857070525783,0.31911250667938473,15,0.556736424099654
single_post,second_order,3,1,135,12.004986067505987,12.155099023193555,10.958052355053807,11.303289985326463,0.22004595843740793,17,0.574370474088937
single_post,second_order,4,1,103,12.165908231376903,12.256522814644091,10.839838222614992,11.494965594281942,0.21039262000858683,18,1.0077536839526147
single_post,second_order,5,1,174,11.322228500819913,11.380771648180485,10.72692817269007,11.029648092067308,0.18333422791568,16,0.9326708491425961
single_post,second_order,6,1,151,12.34261416440165,12.555819685454118,10.976494852308653,11.361837587875387,0.24769270490483253,17,0.9900784159544855
single_post,second_order,7,1,164,11.995597136702381,12.120484827858416,11.12709355567924,11.837467631084209,0.23908225154915574,16,0.9903371429536492
single_post,second_order,8,1,152,11.649933542925584,11.716109178556346,10.724949222829238,11.22346987780542,0.08287304368942612,23,0.5575098569970578
single_post,second_order,9,1,159,11.895669583113264,12.070756189254068,10.80131066540297,11.462354354921425,0.2688125568589519,16,0.6789048791397363
single_post,second_order,10,1,138,11.9103387742183,12.070874754317112,11.019721787879993,11.134936536490065,0.32436683584026804,15,0.7965773639734834
single_post,second_order,11,1,130,11.719187393124018,11.870414846384033,10.756152588886943,11.358119153913595,0.14721851696182664,20,0.873193898005411
single_post,second_order,12,1,202,12.840634161877702,13.01746102062792,11.141375536893527,11.39106541433425,0.3434966268413402,15,0.9157477128319442
single_post,second_order,13,1,238,12.299711202558175,12.426450076691617,11.209406200527471,11.703640940751432,0.2468954509718304,15,0.8953266500029713
single_post,second_order,14,1,150,12.046709664312514,12.20247069163336,10.94654789951447,11.295721609090467,0.07488740851816185,27,0.9528267150744796
single_post,second_order,15,1,140,12.257576230443888,12.405780035862726,11.346439433198253,11.59729161095245,0.28623512270358153,15,0.9356325559783727
single_post,second_order,16,1,159,11.58275853692024,11.725590526636916,10.772486262153507,11.048932876126532,0.20097105280789362,15,0.9193251309916377
single_post,second_order,17,1,106,11.551840143917996,11.718086253361475,10.69773456643111,10.818803833515103,0.14912962312355893,19,0.9402641230262816
single_post,second_order,18,1,81,11.179865612314726,11.292703853170774,10.36583208335448,10.876278351897778,0.09025543118801406,22,0.8210420780815184
single_post,second_order,19,1,169,11.6171913759092,11.81166393814603,10.503519635033282,10.760370124669265,0.21773497376684992,18,0.6213788909371942
single_post,polyhedral,0,1,33,11.500243696491205,11.500243696491205,10.99068581306284,11.157324758199206,0.31220687703417527,7,3.3033972328994423
single_post,polyhedral,1,1,37,11.417604830793028,11.41760483079303,10.723278355846887,10.906809874805944,0.36940237688255406,10,3.47999169700779
single_post,polyhedral,2,1,63,11.585316789467608,11.585316789467608,10.797086758105896,10.931512309022805,0.22036831126347523,10,3.810055151116103
single_post,polyhedral,3,1,43,11.20955328928295,11.20955328928295,10.829770818823814,11.169833422088168,0.19925569730750725,8,3.370622233953327
single_post,polyhedral,4,1,38,11.502423839262544,11.502423839262544,10.657659675959623,10.701199450741695,0.13347396007854595,9,4.03823795192875
single_post,polyhedral,5,1,29,11.318981062427598,11.318981062427596,10.86099191967695,10.967358158729075,0.18926954475473523,10,3.0711915818974376
single_post,polyhedral,6,1,32,11.157117039690798,11.157117039690798,10.79556235584322,11.077858158698232,0.20601601741688613,9,2.337190920021385
single_post,polyhedral,7,1,44,11.581526924009413,11.581526924009413,11.050241221223047,11.30576261200231,0.12720490513919674,9,2.3771782380063087
single_post,polyhedral,8,1,40,11.950836794168545,11.950836794168547,11.101092523388774,11.309919510350573,0.23111328676200538,11,3.422877663979307
single_post,polyhedral,9,1,36,11.300396652032356,11.300396652032356,10.551913547614621,10.844404489325271,0.20062011240715139,10,3.075282752048224
single_post,polyhedral,10,1,48,11.038701025266358,11.038701025266358,10.6687268145134,10.797741409023198,0.31079921402235255,10,4.2015416119247675
single_post,polyhedral,11,1,44,11.283010417261119,11.283010417261119,10.994784276484253,11.113691411822352,0.38620749120527664,7,2.516380275133997
single_post,polyhedral,12,1,23,11.957357434799889,11.957357434799889,11.071869937582152,11.338316372074049,0.18452433218862874,11,3.084830113919452
single_post,polyhedral,13,1,35,10.95058235494084,10.950582354940842,10.423938700829972,10.884313830365702,0.18003957701811268,9,4.027704640058801
single_post,polyhedral,14,1,23,11.088762920884468,11.088762920884468,10.51699073405451,10.672269347416874,0.19675201377993334,9,4.208156873937696
single_post,polyhedral,15,1,23,11.281453190870344,11.281453190870348,10.863468718043423,11.184575907995404,0.19185909081596586,7,2.8522264098282903
single_post,polyhedral,16,1,37,11.117297424563823,11.117297424563823,10.753687733149754,10.844868919694447,0.1085392050818705,12,3.232328403973952
single_post,polyhedral,17,1,24,10.540210412500041,10.540210412500041,10.314552354216167,10.371299280853776,0.1512216655066182,9,2.476109453011304
single_post,polyhedral,18,1,50,11.413037050699087,11.413037050699089,10.792806486526384,11.134272383827867,0.19058419790872128,9,2.351403016829863
single_post,polyhedral,19,1,60,11.291652539829151,11.291652539829153,10.67235097082187,10.782266200355194,0.23042294358962112,8,2.4206666299141943
single_post,polyhedral_tube,0,1,66,11.144949672331323,11.144949672331322,10.170789976386459,10.439683559083734,0.15676166619622445,13,1.4052991780918092
single_post,polyhedral_tube,1,1,64,11.085541359619286,11.085541359619285,10.289810837869975,10.983286044322947,0.11701158482009451,9,1.015465433942154
single_post,polyhedral_tube,2,1,75,11.664853627860799,11.664853627860797,10.80805948762977,11.362737142550387,0.18209651312503317,10,0.8611688720993698
single_post,polyhedral_tube,3,1,83,11.466603611419584,11.466603611419583,10.530958908603907,11.368079128431033,0.11540336236871925,8,0.8330988958477974
single_post,polyhedral_tube,4,1,47,10.860401336872027,10.860401336872027,10.705790295905762,10.830209535422311,0.3048178577519285,7,1.3614092709030956
single_post,polyhedral_tube,5,1,50,11.700972751739705,11.700972751739705,10.889023664402307,11.062363920975503,0.2657642043498458,12,1.244926432147622
single_post,polyhedral_tube,6,1,46,11.341325600920694,11.341325600920694,10.642260508927173,10.720951117172953,0.3137103325387547,8,0.8508078600279987
single_post,polyhedral_tube,7,1,88,11.74637624776001,11.74637624776001,10.668592957943975,11.41198175816948,0.2992261595317758,10,0.8560005121398717
single_post,polyhedral_tube,8,1,63,10.959708586639639,10.959708586639637,10.633962440042769,10.754045966446679,0.31070184780192855,9,1.376397272804752
single_post,polyhedral_tube,9,1,78,11.795717554365519,11.795717554365519,10.664955254327063,11.352519057134305,0.14611807339022775,7,1.4118363859597594
single_post,polyhedral_tube,10,1,46,11.696380063671386,11.696380063671386,11.184757032059299,11.342631430405666,0.36311064628825696,8,0.9345303701702505
single_post,polyhedral_tube,11,1,67,11.456505357955395,11.456505357955395,10.632155359819645,10.993723854112876,0.27363297268580056,11,0.9420018780510873
single_post,polyhedral_tube,12,1,34,11.747859010832402,11.747859010832402,10.927671371961338,11.541393163324269,0.1903626471224915,12,1.50587027403526
single_post,polyhedral_tube,13,1,57,11.682685747451758,11.682685747451757,10.863195877900656,11.235582439336778,0.17993979700669227,12,1.4640349170658737
single_post,polyhedral_tube,14,1,53,11.452051791416274,11.452051791416272,10.577313151375078,11.25000842282165,0.16089592016490706,11,1.2685542260296643
single_post,polyhedral_tube,15,1,52,11.463828205248582,11.463828205248582,10.472009008331991,10.572091248668585,0.12661309449442743,10,0.9295283579267561
single_post,polyhedral_tube,16,1,78,11.607327493324833,11.607327493324831,10.734510532073184,11.261475022734762,0.13582776735791502,9,1.3937475860584527
single_post,polyhedral_tube,17,1,78,11.786715245512765,11.786715245512761,10.958276053239988,11.547069109337398,0.19037889759613202,11,1.3650280931033194
single_post,polyhedral_tube,18,1,64,11.703176696386555,11.703176696386553,10.855076042133295,11.052600286729575,0.3010484253415249,12,1.3694325310643762
single_post,polyhedral_tube,19,1,49,11.09046199544215,11.090461995442151,10.591554472954993,10.86041957140041,0.19069684263293363,11,1.1078431010246277
post_fence,orientation,0,1,255,12.801141668376948,12.801141668376948,12.801124580176598,12.801124580176607,0.07267168986623244,0,0.7007145641837269
post_fence,orientation,1,1,79,13.278785820499433,13.278785820499435,13.278763074718684,13.278763074718709,0.11144272165375717,0,0.7780099809169769
post_fence,orientation,2,1,89,13.6174605795198,13.617460579519806,13.61743737388519,13.6174373738852,0.13564030550181977,0,0.7796509910840541
post_fence,orientation,3,1,121,12.833371001242714,12.833371001242716,12.833355769560065,12.833355769560082,0.09271472287726283,0,0.8169416547752917
post_fence,orientation,4,1,283,13.282911861228287,13.28291186122829,13.282893481589223,13.282893481589246,0.09555528978102378,0,1.129268879070878
post_fence,orientation,5,1,449,13.536100602467435,13.536100602467435,13.536087397956306,13.536087397956313,0.12988193756376404,0,1.1401858830358833
post_fence,orientation,6,1,177,13.017860454097237,13.017860454097235,13.017842898705844,13.017842898705858,0.13067981522551136,0,1.093741032993421
post_fence,orientation,7,1,76,11.36258330877213,11.362583308772129,11.362574363978279,11.36257436397829,0.18365435147753173,0,1.0645017449278384
post_fence,orientation,8,1,208,14.527730802259011,14.527730802259011,14.527700890550902,14.527700890550916,0.18937084488616857,0,1.0130797768943012
post_fence,orientation,9,1,238,12.930749271006258,12.93074927100626,12.930732287711024,12.930732287711034,0.12541662128337405,0,1.055377828888595
post_fence,orientation,10,1,114,12.575628935937903,12.575628935937901,12.575612832961356,12.57561283296137,0.07886461873375937,0,1.0265012218151242
post_fence,orientation,11,1,139,13.557577210295673,13.557577210295673,13.557552577408629,13.557552577408636,0.1407473732556005,0,0.9944484389852732
post_fence,orientation,12,1,175,12.977839630999084,12.977839630999084,12.977823318638745,12.977823318638752,0.08621796821979204,0,1.0174170080572367
post_fence,orientation,13,1,159,13.081550002436243,13.081550002436249,13.081533896105558,13.081533896105581,0.07020332889924917,0,1.118359750136733
post_fence,orientation,14,1,164,13.236077738790861,13.236077738790861,13.236062994972956,13.236062994972967,0.08029508242665444,0,1.058994458988309
post_fence,orientation,15,1,68,12.557763298325506,12.557763298325506,12.557747993614482,12.557747993614491,0.08659375795231276,0,1.070070352172479
post_fence,orientation,16,1,230,13.863745650021349,13.863745650021349,13.86372654150482,13.863726541504834,0.0925392781228249,0,1.0231627060566097
post_fence,orientation,17,1,257,13.558169949617975,13.558169949617977,13.558148122632996,13.558148122633007,0.07697928134730085,0,1.0239569859113544
post_fence,orientation,18,1,64,11.352837197163728,11.352837197163728,11.35282921481713,11.35282921481714,0.18448866341211323,0,1.0060788800474256
post_fence,orientation,19,1,318,12.857251258805457,12.85725125880546,12.857233199624975,12.857233199624982,0.1730382844719497,0,0.6957147640641779
post_fence,first_order,0,1,629,12.212608664468789,12.384992346292668,11.10033112117922,11.61710863899774,0.07330522350292211,29,0.6274172537960112
post_fence,first_order,1,1,185,11.833002603953615,11.951018831366643,10.60795873764724,11.360976121402386,0.07368754487009059,31,0.6160528331529349
post_fence,first_order,2,1,133,11.709051434002077,11.82444560450164,10.849516635430481,11.026931302487556,0.2511724307498973,18,0.6028814718592912
post_fence,first_order,3,1,138,11.92282232582551,12.049029439503782,10.707159643838661,11.27128017512238,0.14573105696789213,21,0.6296450980007648
post_fence,first_order,4,1,218,12.314037697562016,12.473963700350913,11.27389220629545,11.403683369228906,0.13369026495134767,24,0.6177314340602607
post_fence,first_order,5,1,189,11.888690499910787,12.00579639697489,10.978307471715365,11.160593311268324,0.16417152387917816,19,0.4866455739829689
post_fence,first_order,6,1,469,13.25637978928846,13.46353820432093,11.860334002931719,12.617092528029492,0.07012331479070959,31,0.5822872340213507
post_fence,first_order,7,1,113,10.80592115421829,10.904714107409983,10.161364145682834,10.375218094528279,0.12490627978350359,19,0.6394823871087283
post_fence,first_order,8,1,492,14.086292879842809,14.269182188620276,12.435953682057798,12.939195019219369,0.07889655800789573,29,0.5772656330373138
post_fence,first_order,9,1,231,12.302427405337486,12.47533988798828,11.041288050184951,11.768439343118182,0.07130560044866201,37,0.5631409420166165
post_fence,first_order,10,1,182,12.736209524889428,12.896626238152377,11.335304511141093,12.048996166614282,0.15272503403930943,23,0.5736704529263079
post_fence,first_order,11,1,134,11.860077306073013,12.010724351707468,10.596492921023707,11.11665756729255,0.08200106126927297,24,0.5908756239805371
post_fence,first_order,12,1,930,11.89758276711146,12.015478797107798,10.61123744514168,10.989863795714742,0.09132506607015532,23,0.4948966349475086
post_fence,first_order,13,1,162,11.282968652514796,11.357969555446871,10.723233961233655,11.05162693315197,0.18967102353249937,19,0.41132475482299924
post_fence,first_order,14,1,165,11.997223736505529,12.123622907500865,10.779419002908021,11.250290848662399,0.07326174233278153,30,0.5571677191182971
post_fence,first_order,15,1,186,11.667203094442256,11.790617355924933,10.596012968107807,11.088682123906642,0.07462299940062415,31,0.5538616080302745
post_fence,first_order,16,1,420,14.067154478689107,14.212056782721335,12.631121722720234,13.077306861378817,0.18215274478089016,22,0.591095102019608
post_fence,first_order,17,1,171,11.380138276680643,11.498314657807168,10.414097123631938,10.529025211159802,0.0792262541067633,29,0.5954615629743785
post_fence,first_order,18,1,64,11.230769642124125,11.372084519731121,10.342632960742858,10.770808175106792,0.1832258986914348,17,0.5921747318934649
post_fence,first_order,19,1,355,11.258044986900988,11.365728831693035,10.548758662074025,10.635567039598433,0.12519783732984796,19,0.6116512301377952
post_fence,second_order,0,1,689,12.843638067071783,12.943263831589785,11.898715947830446,12.25014141732527,0.07750973959637174,33,0.9168698359280825
post_fence,second_order,1,1,185,11.816967687126068,11.951614150601719,10.621730307784746,11.363101760649357,0.07369603236623255,31,0.9627053290605545
post_fence,second_order,2,1,89,11.392890516345675,11.464617289516717,10.801330173160741,10.913031978968899,0.27093246597017234,17,0.9544231782201678
post_fence,second_order,3,1,138,11.927929696959723,12.050000668566389,10.719033415860668,11.276683027102058,0.14582882544238734,21,0.9656891350168735
post_fence,second_order,4,1,218,12.333171284340425,12.50689788244967,11.296660828109486,11.469190197118643,0.13500430649219453,24,0.9346510102041066
post_fence,second_order,5,1,199,12.068154282573829,12.25180971118944,10.94389158958959,11.21301196176749,0.16448263286258957,20,0.9309291860554367
post_fence,second_order,6,1,469,13.555377543894284,13.759961577210303,12.163504474462645,13.035291968246277,0.0712414166617703,30,0.6029795969370753
post_fence,second_order,7,1,113,10.801932834099956,10.907016082059911,10.174051429111282,10.396275048156609,0.12468702460433699,19,0.570592796895653
post_fence,second_order,8,1,512,13.77382757738597,13.95567288357247,12.306115775506246,12.657125403872913,0.07258946542270088,38,0.8911725929938257
post_fence,second_order,9,1,231,12.05353221032032,12.28896997899124,10.86430648810492,11.403095777143044,0.07200414667865022,36,0.907384661026299
post_fence,second_order,10,1,182,12.742878596742218,12.899655998941368,11.35141346814272,12.050334891775588,0.15320577502848054,23,0.9561293290462345
post_fence,second_order,11,1,134,11.840026030710337,12.001297028660774,10.634218857351,11.184014775084583,0.08200106126927297,25,0.9244020320475101
post_fence,second_order,12,1,930,11.922222321077111,12.033337057551162,10.638995971685315,11.01731915008404,0.09133875699306847,24,0.8628859198652208
post_fence,second_order,13,1,162,11.274088128822802,11.357048194407987,10.723699862426024,11.052571909502609,0.18967152099993234,19,0.9660082720220089
post_fence,second_order,14,1,165,11.907325739954501,12.007675589442812,10.929912577676129,11.049352343621425,0.07333781740005595,29,1.0539846478495747
post_fence,second_order,15,1,149,11.825072816795059,11.916170467860276,10.935811275773748,10.974854054254624,0.07232067084886444,39,0.9740104421507567
post_fence,second_order,16,1,420,14.064074201419832,14.21379596948065,12.690409918061347,13.102441051558797,0.18215274478089016,23,0.5888241368811578
post_fence,second_order,17,1,188,11.180683170503073,11.327569503793528,10.295110330785903,10.366326787204637,0.06991812973350119,32,0.6189219867810607
post_fence,second_order,18,1,64,11.233791677354189,11.37228337971062,10.342846558653074,10.771150887332043,0.1832258986914348,17,0.6663736749906093
post_fence,second_order,19,1,355,11.250330545647964,11.365165955026916,10.552926507797372,10.635191853254327,0.1259205231567071,19,0.6524321071337909
post_fence,polyhedral,0,1,57,11.468794684403225,11.468794684403225,10.789850292559041,11.078353665839396,0.15014603423161116,11,4.603862646967173
post_fence,polyhedral,1,1,58,11.722963301634364,11.722963301634364,10.899414827437123,11.247950775177845,0.1972201265048832,12,3.1173174399882555
post_fence,polyhedral,2,1,47,11.391496371745154,11.391496371745154,10.876904033589812,11.159905450716307,0.21947396864884672,10,2.8729438830632716
post_fence,polyhedral,3,1,66,11.451469770805058,11.451469770805057,10.867825567910355,11.102021633007832,0.10899442421179843,11,2.9459506219718605
post_fence,polyhedral,4,1,49,11.337036916540438,11.337036916540438,10.674265739454288,11.12163765065531,0.15969264739336247,10,3.5074653059709817
post_fence,polyhedral,5,1,75,11.61832114420139,11.61832114420139,10.722541883816108,10.933778468779849,0.16012546090158442,12,2.881467486033216
post_fence,polyhedral,6,1,56,10.624059423318664,10.624059423318663,10.13570544155547,10.214332481786894,0.21426439102241474,10,2.863150651101023
post_fence,polyhedral,7,1,45,11.364159627524609,11.36415962752461,11.007003296670458,11.145473562254521,0.2101982333141003,11,2.7882670941762626
post_fence,polyhedral,8,1,55,11.580613352814034,11.580613352814034,11.405913423558701,11.474032395231571,0.12629364176433383,8,3.7847379841841757
post_fence,polyhedral,9,1,36,11.08451146982347,11.08451146982347,10.611866128187769,10.897509222057543,0.15629196560706837,9,3.120528142200783
post_fence,polyhedral,10,1,57,12.240418927031238,12.240418927031238,11.723273188564784,11.990600615005649,0.2122497133441114,11,2.8956746628973633
post_fence,polyhedral,11,1,115,12.310101272929465,12.310101272929465,10.889228389090757,12.000169006668461,0.18057146823956716,11,2.917512262938544
post_fence,polyhedral,12,1,78,11.604930000760348,11.60493000076035,11.1605304838018,11.37257316674781,0.12659563179400868,9,3.957119761966169
post_fence,polyhedral,13,1,64,10.767097171246515,10.767097171246514,10.142156687769564,10.303934177856078,0.23738942270543378,9,4.591672654962167
post_fence,polyhedral,14,1,141,11.901037463380455,11.901037463380455,11.161004938889562,11.311877449740523,0.10036028793120504,12,3.3600116439629346
post_fence,polyhedral,15,1,56,10.700691215242458,10.700691215242461,10.305427873029045,10.502612829465862,0.2529780974953325,9,3.6758691270370036
post_fence,polyhedral,16,1,51,11.247839180101609,11.24783918010161,10.596809125629711,10.69270068520057,0.13091118656384138,9,3.2380715750623494
post_fence,polyhedral,17,1,107,10.716464471978584,10.716464471978584,10.428380053636442,10.531883797550535,0.1785451558853836,10,2.897966615855694
post_fence,polyhedral,18,1,57,11.41481989615919,11.41481989615919,10.904091152146462,11.029428505528218,0.15973823495301903,9,2.779797255061567
post_fence,polyhedral,19,1,63,11.56613002084331,11.56613002084331,10.934935472341238,10.966072185585265,0.10970391370348463,10,2.748909149086103
post_fence,polyhedral_tube,0,1,57,10.974096312340416,10.974096312340416,10.131961574526146,10.431161557589276,0.1724904574298058,10,1.5599435020703822
post_fence,polyhedral_tube,1,1,64,10.891965372128352,10.891965372128352,10.444030721034133,10.697448916798075,0.17730127220375708,8,1.5375356830190867
post_fence,polyhedral_tube,2,1,76,11.6560019864467,11.656001986446702,10.741119764119334,11.355089941415097,0.129018483887332,9,1.1401579140219837
post_fence,polyhedral_tube,3,1,88,11.985213541968077,11.985213541968076,10.638838364859144,11.526133451133456,0.18037861260335425,11,0.894901986932382
post_fence,polyhedral_tube,4,1,145,11.755146826719367,11.755146826719365,10.841250010065513,10.947213022027947,0.21728106142696602,9,1.4999228599481285
post_fence,polyhedral_tube,5,1,58,10.737151397740067,10.737151397740066,10.09698452812475,10.232810687701651,0.15465403714404458,10,1.212699030060321
post_fence,polyhedral_tube,6,1,73,11.562349919606435,11.562349919606437,10.695869365982617,11.196832274883597,0.1117230509291333,12,0.9385133241303265
post_fence,polyhedral_tube,7,1,53,10.9400254733269,10.9400254733269,10.244512425876637,10.326679773293655,0.11339645599310937,9,0.9025498118717223
post_fence,polyhedral_tube,8,1,70,11.764861284130996,11.764861284130998,10.763294901355962,11.112654832115597,0.17668563159575623,11,0.9707259740680456
post_fence,polyhedral_tube,9,1,108,11.36514412472743,11.36514412472743,10.248021177224059,10.369123402440772,0.08842130127269797,9,0.9746895839925855
post_fence,polyhedral_tube,10,1,86,11.406195359433722,11.406195359433724,10.999774577634252,11.176158990803907,0.11724669005501763,10,0.9363261151593179
post_fence,polyhedral_tube,11,1,165,11.768243748489107,11.768243748489107,10.691323142829933,11.507612946511056,0.15603368827814312,12,0.9291827988345176
post_fence,polyhedral_tube,12,1,75,12.427046475715489,12.427046475715493,10.638888431830601,11.647818515482024,0.23894700294129173,11,1.5147605810780078
post_fence,polyhedral_tube,13,1,57,10.810941433293761,10.810941433293761,10.212882359933177,10.519450974718461,0.2228175769160443,8,1.4508597529493272
post_fence,polyhedral_tube,14,1,46,11.46880562415802,11.46880562415802,10.404393257955128,11.252035847166638,0.19790532193724303,8,1.497153986012563
post_fence,polyhedral_tube,15,1,52,12.23845847354085,12.238458473540852,10.91227926974424,11.107674822805778,0.21423817817837093,12,1.4883036999963224
post_fence,polyhedral_tube,16,1,115,11.727558264625669,11.727558264625667,10.794892434959937,11.364056563367402,0.13164912997237743,11,1.0874244838487357
post_fence,polyhedral_tube,17,1,88,11.295694017707849,11.295694017707849,10.785425355869275,11.00190180480765,0.11233542118701915,10,1.1560609228909016
post_fence,polyhedral_tube,18,1,121,11.550728784327207,11.550728784327205,10.792568292818155,11.380227148174137,0.10319801339913152,12,1.123247923096642
post_fence,polyhedral_tube,19,1,60,10.51250150830244,10.51250150830244,10.166450775372645,10.356766598691463,0.16119595628204691,7,1.4319970570504665
