map,model,runs,success,first_iteration_q1,first_iteration_median,first_iteration_q3,reported_cost_q1,reported_cost_median,reported_cost_q3,L_G_q1,L_G_median,L_G_q3,robot_mean_q1,robot_mean_median,robot_mean_q3,robot_max_q1,robot_max_median,robot_max_q3,gap_q1,gap_median,gap_q3,path_nodes_q1,path_nodes_median,path_nodes_q3,plan_time_s_q1,plan_time_s_median,plan_time_s_q3
random_circles,orientation,20,1.0,156.5,217.5,271.0,12.625528518100666,12.999331391272605,13.412799716562288,12.625528518100666,12.999331391272605,13.41279971656229,12.625516533746964,12.999316631302694,13.412783057656828,12.625516533746989,12.999316631302705,13.412783057656844,0.18378880117757834,0.2059677516791376,0.24002484581146488,0.0,0.0,0.0,0.7471789348055609,1.0554834975628182,1.2188242932897992
random_circles,first_order,20,1.0,186.5,236.5,338.75,12.557516568005102,12.694112641750193,13.329885826504144,12.65908892667743,12.856742699322414,13.543351106523879,11.188135174428423,11.39700947823853,11.733200783514176,11.928863370469898,12.001395231643343,12.616685740410876,0.18007252908382299,0.208017782182383,0.2794873747821429,16.75,17.0,18.0,0.40914102346869186,0.586748514440842,0.5991818346083164
random_circles,second_order,20,1.0,210.0,251.5,338.25,12.498474226998486,12.68764596904548,13.403047196386355,12.606462012701272,12.866512214528843,13.592512836815482,11.182397162185675,11.5998789441366,11.888429155945504,11.931341908151175,11.996865425714322,12.491594499692338,0.1773510729050038,0.19907826585951893,0.277748230940466,16.0,17.0,18.0,0.6515334211871959,0.9251546979648992,0.9466523444280028
random_circles,polyhedral,20,1.0,48.75,51.5,69.75,11.4206093933515,11.679853043479856,11.927109047024747,11.4206093933515,11.679853043479858,11.927109047024743,10.906299129576102,11.034755508275989,11.188941938491245,11.065698345498161,11.311402425366019,11.482651006550011,0.1566688903166915,0.20174420910948943,0.24441978443086282,8.75,9.5,11.0,2.9081150840502232,3.1216642955550924,3.687740399094764
random_circles,polyhedral_tube,20,1.0,77.75,103.5,149.0,11.710526456256321,11.976050412227718,12.181038988305385,11.710526456256321,11.976050412227718,12.181038988305383,10.828143229443807,11.0265133480864,11.115893019300987,11.160948647858216,11.408920285245156,11.750085849481072,0.15528892268712233,0.21777908341481123,0.24169669948064404,10.75,11.0,12.25,1.2912140900152735,1.8768921814626083,1.9944877600646578
single_post,orientation,20,1.0,101.25,131.0,171.5,11.568848566267853,12.04070462594431,12.299121960415953,11.568848566267855,12.04070462594431,12.299121960415953,11.568842394397313,12.040695282696142,12.299112184546026,11.568842394397318,12.04069528269615,12.299112184546056,0.1822781502262789,0.19272017602558034,0.23819490265538543,0.0,0.0,0.0,0.5725872241891921,0.5974587545497343,0.8342338762595318
single_post,first_order,20,1.0,128.75,150.5,165.25,11.65342676731509,11.918659522948685,12.055524570563401,11.724127517079976,12.070483698691014,12.167879808614156,10.72307405411754,10.787630223926637,10.95881794384751,11.028115000111402,11.25752794302397,11.358394604014238,0.14865007790797644,0.20568183640824023,0.24607201981988158,15.75,16.5,19.0,0.37110799399670213,0.49054985493421555,0.5734031964093447
single_post,second_order,20,1.0,128.75,150.5,165.25,11.64174800117149,11.903004178665782,12.149649391597613,11.725505923858544,12.07081547178559,12.234036555912667,10.747547709820497,10.875205003776419,10.987301586201488,11.049436424126121,11.293814660622953,11.408887649481043,0.17478307671764973,0.21889046610212892,0.25517527276236196,15.0,16.5,18.25,0.5779869238613173,0.5976600210415199,0.9203757988871075
single_post,polyhedral,20,1.0,31.25,37.0,44.0,11.147162135909054,11.296024595930753,11.50078873218404,11.147162135909054,11.296024595930755,11.50078873218404,10.665960029874956,10.794184421184802,10.895272991798278,10.832738719249752,10.94943523387594,11.160451924171447,0.18340314339599972,0.1980038555437203,0.23059552938271718,8.75,9.0,10.0,2.4431591138709337,2.5946810434106737,3.546479966491461
single_post,polyhedral_tube,20,1.0,49.75,63.5,75.75,11.292231618773352,11.541560103615957,11.701523737901418,11.29223161877335,11.541560103615955,11.701523737901418,10.587994138425868,10.666774106134408,10.857106001075135,10.852867062405885,11.14897318015614,11.355073578487469,0.15410076799472527,0.19037077235931177,0.29968172598421305,8.75,10.0,11.25,1.2119429655140266,1.6083713889820501,1.6899557249853387
post_fence,orientation,20,1.0,107.75,169.5,242.25,12.825313668026272,13.04970522826674,13.541469754424494,12.825313668026274,13.049705228266742,13.541469754424494,12.825297972214198,13.049688397405701,13.541453692819386,12.825297972214214,13.04968839740572,13.541453692819394,0.08473724677150764,0.10349900571739047,0.13691707244026496,0.0,0.0,0.0,0.6679730433388613,1.0153693279717118,1.0690306549076922
post_fence,first_order,20,1.0,156.0,185.5,371.25,11.595436890001853,11.893136633511123,12.305329978393619,11.717541681395492,12.013101574407633,12.474307747260255,10.596372932794733,10.751326482070837,11.143721392458279,11.017664425794353,11.205442079965362,11.65494131502785,0.07438913576799076,0.10811567292682946,0.1555866564992766,19.0,23.5,29.25,0.3782054243492894,0.5728508426109329,0.5796306692645885
post_fence,second_order,20,1.0,146.25,186.5,371.25,11.363189919464958,11.914774030515806,12.435598112440873,11.441533812065192,12.020506323496987,12.605087411572594,10.631096719959437,10.83281833063283,11.310348988117795,10.959398535433193,11.198513368426037,11.614476370782878,0.07315072940571718,0.10801289079870273,0.1560249894870078,19.75,24.0,31.25,0.7037718323408626,0.8918145309435204,0.9277138697798364
post_fence,polyhedral,20,1.0,54.0,57.0,68.25,11.207007252532074,11.433144833482125,11.608277786620608,11.207007252532076,11.433144833482123,11.60827778662061,10.608101877548254,10.872364800750084,10.952952428423544,10.8463070878433,11.090187649423614,11.263932443818515,0.1298322978713832,0.15993184792730172,0.2107111033216031,9.0,10.0,11.0,2.762106112029869,2.822408396983519,3.922834170574788
post_fence,polyhedral_tube,20,1.0,57.75,74.0,93.0,10.965578602587037,11.503532530072889,11.719807366800742,10.965578602587037,11.503532530072889,11.719807366800742,10.247143988713391,10.593960372889061,10.752196162054029,10.497378620437106,10.990838367785377,11.371171467214255,0.11335940928700268,0.15534386271109385,0.18476028993682644,9.0,10.0,11.0,1.2129578919848427,1.2743266930337995,1.8139875016640872
