map,scheme,seed,success,first_iteration,T_first_s,N_query_first,C_first,C_final,N_query,nodes,plan_time_s,history
random_circles,uniform,0,1,283,0.4710976828355342,197,14.517144733399615,12.653633330626628,1954,1963,4.903494380880147,283:14.5171;289:14.4054;305:14.3324;415:14.2861;495:14.2404;1237:13.9224;1494:12.9673;1514:12.8542;1518:12.7001;1976:12.6700;2074:12.6682;2497:12.6536
random_circles,uniform,1,1,143,0.1712657210882753,113,12.030269054933344,12.030269054933344,2004,2005,3.9905573851428926,143:12.0303
random_circles,uniform,2,1,190,0.22353897197172046,147,14.346511155676147,12.909900030783744,1981,1985,3.5541558710392565,190:14.3465;205:13.6676;208:13.3941;251:13.1528;372:12.9726;528:12.9681;583:12.9099
random_circles,uniform,3,1,480,0.3995841939467937,263,15.05503266106194,13.604702365718314,1627,1628,3.431255209026858,480:15.0550;1830:14.3308;2064:13.7081;2359:13.6047
random_circles,uniform,4,1,231,0.29693943494930863,150,13.544398465871248,13.159245701063439,1864,1866,4.005299758864567,231:13.5444;239:13.1691;1014:13.1592
random_circles,uniform,5,1,208,0.2819575290195644,160,12.217195671897263,12.216092191704755,1887,1888,3.5968425781466067,208:12.2172;424:12.2161
random_circles,uniform,6,1,232,0.24677868699654937,140,13.54040805380557,12.258529460887754,1923,1927,3.6627062789630145,232:13.5404;248:12.9519;1983:12.8948;2143:12.7130;2241:12.2585
random_circles,uniform,7,1,424,0.4955089529976249,308,15.686848807148266,13.452000449915051,1969,1975,3.6941447188146412,424:15.6868;430:15.6835;438:15.5660;830:15.5556;1393:14.6826;1413:14.4309;1453:13.8185;1658:13.7028;2133:13.4520
random_circles,uniform,8,1,260,0.18688001693226397,156,12.283509569951121,12.283509569951121,1946,1946,3.2345146511215717,260:12.2835
random_circles,uniform,9,1,205,0.23783237300813198,168,14.030047281687239,12.4005113497444,1959,1964,3.2170163430273533,205:14.0300;217:12.9501;225:12.8822;237:12.8738;285:12.8401;1580:12.5186;1586:12.5125;2069:12.4005
random_circles,uniform,10,1,217,0.22371778800152242,150,12.950034758846513,11.914352062058464,2001,2002,4.648742083925754,217:12.9500;225:11.9144
random_circles,uniform,11,1,146,0.2856883311178535,124,12.981251632996642,12.547032196245112,2064,2067,5.021142815006897,146:12.9813;1165:12.9794;1248:12.6204;1248:12.5470
random_circles,uniform,12,1,203,0.3168515551369637,147,12.752739073594396,12.707185812396531,1899,1900,4.97183758020401,203:12.7527;222:12.7072
random_circles,uniform,13,1,321,0.4352629720233381,189,13.665390392225026,11.876634820716614,1818,1820,4.691565528977662,321:13.6654;330:11.8766
random_circles,uniform,14,1,388,0.5163392759859562,215,12.290021754957474,11.739539798809162,1912,1916,5.264922463800758,388:12.2900;440:12.1493;477:12.1290;576:11.8300;618:11.7395
random_circles,uniform,15,1,269,0.3448621048592031,153,13.040039363372216,12.611814875467417,1857,1862,4.05993530084379,269:13.0400;271:12.9627;280:12.9280;283:12.7467;1803:12.7194;1983:12.7042;2265:12.6410;2369:12.6328;2458:12.6118
random_circles,uniform,16,1,172,0.3108871141448617,136,13.204441347235539,12.664327064475415,1915,1921,4.997848840197548,172:13.2044;188:13.0975;235:12.9707;238:12.8098;374:12.7388;402:12.7042;1199:12.6643
random_circles,uniform,17,1,159,0.2678834171965718,118,11.927457777256949,11.439159439914922,1996,1998,4.732897092122585,159:11.9275;168:11.6452;1115:11.4392
random_circles,uniform,18,1,373,0.46027547121047974,221,13.452262191462028,13.009623011974465,1890,1895,4.587342103011906,373:13.4523;377:13.4346;381:13.4251;407:13.3061;424:13.2612;945:13.2548;1235:13.1276;2228:13.0288;2363:13.0096
random_circles,uniform,19,1,567,0.8970859230030328,375,13.643220126131899,13.477780763338234,1878,1881,4.73756479495205,567:13.6432;584:13.5705;589:13.4778
random_circles,v1 multi-seed,0,1,18,0.03552759811282158,56,12.325922058876607,11.389355527551952,7224,1172,7.817232365021482,18:12.3259;22:12.2071;28:11.7430;203:11.6098;203:11.5113;509:11.3894
random_circles,v1 multi-seed,1,1,38,0.12140774307772517,115,13.534316183056607,11.69690084247204,7205,1181,8.776992329163477,38:13.5343;54:12.6112;57:12.1900;57:12.1036;362:12.0123;2210:11.8390;2210:11.6969
random_circles,v1 multi-seed,2,1,29,0.06331179291009903,89,13.306712958192781,12.186431017669152,7185,1233,8.991289730882272,29:13.3067;33:13.0010;55:12.5553;321:12.4882;1213:12.3933;1700:12.2563;1700:12.1864
random_circles,v1 multi-seed,3,1,14,0.04941995395347476,44,11.868873443391163,11.868873443391163,7211,1201,10.697347724810243,14:11.8689
random_circles,v1 multi-seed,4,1,40,0.13370929192751646,122,13.159120882131077,11.931208586375007,7243,1211,11.781662862049416,40:13.1591;73:12.8397;94:12.6846;112:12.1917;112:12.1838;369:12.0887;475:12.0487;2400:11.9312
random_circles,v1 multi-seed,5,1,19,0.06288654496893287,59,11.88801480061784,11.56550399477898,7239,1185,9.458758335094899,19:11.8880;32:11.7774;119:11.6007;227:11.5655
random_circles,v1 multi-seed,6,1,36,0.07342599309049547,110,13.14784875559659,11.964387584158153,7212,1207,10.222554448060691,36:13.1478;61:11.9880;589:11.9644
random_circles,v1 multi-seed,7,1,23,0.07382389693520963,71,12.328455047826008,12.250406304928108,7222,1170,9.689241719897836,23:12.3285;69:12.2504
random_circles,v1 multi-seed,8,1,28,0.09490954899229109,84,13.012944987341017,11.643966915560723,7223,1201,11.817363729933277,28:13.0129;41:12.9024;45:12.4754;109:12.2864;297:12.1663;327:11.6440
random_circles,v1 multi-seed,9,1,19,0.04653215897269547,58,12.308789766102072,12.043164335240288,7271,1151,11.349938028957695,19:12.3088;90:12.1613;238:12.0432
random_circles,v1 multi-seed,10,1,42,0.15717759891413152,128,13.618729512671646,12.366309430682639,7226,1174,11.64793588896282,42:13.6187;46:13.4442;53:13.3235;85:13.2329;85:12.8419;187:12.8076;187:12.6803;269:12.3708;410:12.3663
random_circles,v1 multi-seed,11,1,24,0.08185373805463314,74,11.980520026471293,11.768169866385701,7156,1186,10.87581591703929,24:11.9805;25:11.9282;25:11.7682
random_circles,v1 multi-seed,12,1,28,0.05951386992819607,86,13.201488922837074,11.74588284792487,7240,1213,9.846086003817618,28:13.2015;44:12.6119;91:12.2676;222:12.0220;370:11.9114;661:11.7459
random_circles,v1 multi-seed,13,1,21,0.07598480605520308,65,13.307230941803102,11.624243277900794,7163,1211,8.424045040039346,21:13.3072;94:12.0102;102:11.8666;667:11.6417;789:11.6242
random_circles,v1 multi-seed,14,1,53,0.1377590438351035,159,12.723797309365303,11.812357937465714,7170,1221,8.70358770294115,53:12.7238;61:12.3099;68:12.2460;79:12.1675;79:11.8552;2191:11.8124
random_circles,v1 multi-seed,15,1,23,0.04690687800757587,71,13.224434676852491,12.019603794753325,7179,1174,7.11540136905387,23:13.2244;26:13.0264;33:13.0130;69:12.5263;71:12.2826;491:12.2338;491:12.0196
random_circles,v1 multi-seed,16,1,36,0.12027351907454431,110,12.806086199654285,12.30505285843743,7271,1158,10.827726740157232,36:12.8061;38:12.6917;106:12.6766;119:12.6759;119:12.4490;373:12.3278;666:12.3051
random_circles,v1 multi-seed,17,1,35,0.11944371787831187,107,12.896760417751231,12.025901510187932,7226,1178,10.80980130797252,35:12.8968;41:12.2841;52:12.0259
random_circles,v1 multi-seed,18,1,11,0.03621565503999591,35,13.78601476332952,12.013868989517787,7178,1195,11.876920969923958,11:13.7860;22:13.5248;26:12.7825;38:12.0139
random_circles,v1 multi-seed,19,1,22,0.06951388507150114,66,13.227278268458582,11.750874454093768,7216,1175,10.200553079135716,22:13.2273;29:12.6232;31:11.9727;31:11.8377;51:11.8111;382:11.7509
random_circles,v2 outward,0,1,47,0.08135750703513622,48,12.045112494172798,11.577550334457253,2145,1857,7.135525092948228,47:12.0451;60:12.0358;69:11.8440;122:11.5776
random_circles,v2 outward,1,1,62,0.1197958120610565,61,11.757718285762284,11.712054122919302,2169,1871,7.250024382956326,62:11.7577;140:11.7487;444:11.7121
random_circles,v2 outward,2,1,87,0.15822197101078928,85,11.827806319766824,11.796181186651019,2163,1838,7.370661224005744,87:11.8278;106:11.7962
random_circles,v2 outward,3,1,107,0.21194792003370821,104,14.0755522232433,12.068682638509149,2145,1843,7.538521378999576,107:14.0756;120:13.8427;134:13.7214;158:13.6595;182:13.3040;225:12.9595;348:12.6261;368:12.5437;372:12.4017;544:12.3526;849:12.2626;1508:12.1260;1509:12.0687
random_circles,v2 outward,4,1,58,0.11836119997315109,58,13.314118102968305,12.378079029077796,2097,1807,5.4801203440874815,58:13.3141;77:13.0995;433:12.3880;586:12.3781
random_circles,v2 outward,5,1,93,0.1021883690264076,85,12.863811979546481,11.92859018611394,2174,1857,5.619469593046233,93:12.8638;413:12.8251;423:12.7647;482:12.5553;482:12.2194;1153:12.1627;1421:11.9286
random_circles,v2 outward,6,1,103,0.1730337510816753,96,12.774451078750753,12.2778732034716,2166,1873,6.199497484136373,103:12.7745;135:12.5414;210:12.3596;1002:12.2779
random_circles,v2 outward,7,1,45,0.04698307905346155,45,11.299955193289485,11.266028190977474,2172,1869,4.482958366163075,45:11.3000;48:11.2660
random_circles,v2 outward,8,1,60,0.10414678393863142,60,12.162391447429977,11.931569227320932,2175,1899,7.447981653967872,60:12.1624;63:12.0532;79:12.0148;1139:11.9316
random_circles,v2 outward,9,1,67,0.1250530311372131,63,12.341554901646903,11.756197771574357,2190,1895,6.143341741990298,67:12.3416;78:12.1236;149:12.0048;154:11.7631;1231:11.7562
random_circles,v2 outward,10,1,49,0.04677264112979174,48,12.274219192582954,12.13004445071864,2128,1826,4.5102018299512565,49:12.2742;82:12.1300
random_circles,v2 outward,11,1,118,0.1364075329620391,116,12.115699230812488,11.30908779747605,2197,1885,4.794164207065478,118:12.1157;122:11.7415;201:11.3091
random_circles,v2 outward,12,1,129,0.24431526195257902,118,13.186901708102917,12.153313411048996,2167,1901,6.134987054159865,129:13.1869;150:13.1744;168:12.5466;196:12.4397;217:12.4140;528:12.2381;998:12.1812;1163:12.1533
random_circles,v2 outward,13,1,65,0.060172219993546605,62,12.418744528900849,11.902307026005563,2160,1879,4.200476435013115,65:12.4187;70:12.1864;216:11.9023
random_circles,v2 outward,14,1,62,0.0629532509483397,63,11.77024595765611,11.398250544156545,2167,1871,4.057668555062264,62:11.7702;63:11.4089;69:11.3983
random_circles,v2 outward,15,1,62,0.05928857997059822,57,12.817585090571512,12.017450877445262,2154,1853,3.82254600408487,62:12.8176;71:12.5920;79:12.0177;880:12.0175
random_circles,v2 outward,16,1,91,0.1633139317855239,87,12.614131694893496,11.923619717545215,2154,1856,7.381102395942435,91:12.6141;95:12.5384;101:12.2764;121:11.9553;133:11.9236
random_circles,v2 outward,17,1,52,0.08568253088742495,52,12.480291003568343,12.328110426359919,2155,1864,7.142466692021117,52:12.4803;56:12.3787;1623:12.3281
random_circles,v2 outward,18,1,70,0.11961342697031796,68,12.370520817563335,11.620986392191563,2132,1860,7.124487078981474,70:12.3705;71:11.9563;154:11.6210
random_circles,v2 outward,19,1,62,0.1107332140672952,61,11.780458936865502,11.780458936865502,2130,1854,7.2962712100706995,62:11.7805
random_circles,v3 source-split,0,1,82,0.10326103609986603,83,12.819794543172673,11.987569454708485,2057,1811,4.399320489959791,82:12.8198;181:12.8169;218:12.7763;223:12.7506;1237:12.6044;1842:12.0512;1865:11.9876
random_circles,v3 source-split,1,1,89,0.20879916287958622,86,14.066208071273993,12.154122786629996,2146,1920,4.611081288894638,89:14.0662;114:13.6802;118:13.5824;229:12.3935;292:12.2219;750:12.1541
random_circles,v3 source-split,2,1,54,0.08343813009560108,54,13.080797030047256,12.408781117366534,2131,1872,5.2074846820905805,54:13.0808;64:12.9194;94:12.8007;405:12.6155;1304:12.5656;1581:12.5599;1770:12.4088
random_circles,v3 source-split,3,1,47,0.10317396488972008,48,12.594483094530155,12.304522955314203,2143,1892,5.926425555953756,47:12.5945;439:12.5255;679:12.4663;1681:12.3045
random_circles,v3 source-split,4,1,88,0.1413543070666492,77,12.636910335555358,11.881593178922762,2128,1893,5.2915461889933795,88:12.6369;284:11.9724;337:11.9243;673:11.9098;1517:11.8816
random_circles,v3 source-split,5,1,57,0.09855691296979785,53,12.484404631524935,12.034306801233779,2156,1950,4.1677757611032575,57:12.4844;67:12.1924;69:12.0479;270:12.0343
random_circles,v3 source-split,6,1,77,0.15224860608577728,77,12.123129997483973,11.756712304554789,2153,1908,5.4463905319571495,77:12.1231;121:12.0744;186:11.7567
random_circles,v3 source-split,7,1,63,0.1286361429374665,63,13.002393198864874,12.063574907839877,2086,1843,5.39125321386382,63:13.0024;80:12.6617;82:12.5404;87:12.3381;278:12.2998;757:12.0841;988:12.0636
random_circles,v3 source-split,8,1,123,0.25102964881807566,114,13.384161281435386,12.166605018443219,2190,1961,6.341030203970149,123:13.3842;416:12.6043;1702:12.3327;2133:12.1666
random_circles,v3 source-split,9,1,59,0.12162548792548478,55,12.441204379989461,11.714274498294813,2136,1921,5.86773658497259,59:12.4412;71:12.3750;78:11.8473;1107:11.7554;1432:11.7382;1819:11.7185;2208:11.7143
random_circles,v3 source-split,10,1,63,0.16812137397937477,64,13.014151049393508,12.021274545335034,2169,1928,5.510424070991576,63:13.0142;66:12.1422;153:12.0213
random_circles,v3 source-split,11,1,75,0.10596974706277251,72,12.099840340086024,12.099840340086024,2124,1864,4.009599408134818,75:12.0998
random_circles,v3 source-split,12,1,44,0.08400415116921067,45,12.082550401392853,11.988603266473604,2117,1936,4.230431708972901,44:12.0826;544:12.0519;875:11.9886
random_circles,v3 source-split,13,1,48,0.09885405609384179,49,12.048763574968946,12.048763574968946,2163,1913,5.53734674397856,48:12.0488
random_circles,v3 source-split,14,1,45,0.08919230196624994,45,11.880646957220428,11.502226995170513,2157,1933,5.62668327591382,45:11.8806;49:11.7419;84:11.5284;100:11.5022
random_circles,v3 source-split,15,1,45,0.05891832895576954,46,11.994400154968098,11.994400154968098,2176,1923,3.563627518946305,45:11.9944
random_circles,v3 source-split,16,1,66,0.15969697292894125,66,13.258570659237176,12.243734193574577,2100,1923,6.454521348932758,66:13.2586;87:13.0538;94:12.9807;736:12.8193;2209:12.2437
random_circles,v3 source-split,17,1,66,0.15570170083083212,64,12.738445417881112,12.386469273756102,2118,1909,5.764010182814673,66:12.7384;158:12.7287;669:12.7219;1748:12.6937;1833:12.5013;2376:12.3865
random_circles,v3 source-split,18,1,113,0.22281414410099387,95,13.986392735016668,12.144702095245338,2145,1897,4.534228879958391,113:13.9864;126:13.9247;135:13.9058;163:13.1868;174:13.0273;183:12.5911;202:12.4762;243:12.4588;246:12.3774;290:12.1447
random_circles,v3 source-split,19,1,58,0.08012753678485751,59,12.358495662648817,12.020706035880279,2108,1881,3.9452847968786955,58:12.3585;62:12.1536;76:12.1268;77:12.0207
random_circles,v4 facet,0,1,43,0.08138644509017467,44,13.152013172199084,12.483481177899737,2135,1955,5.478297617984936,43:13.1520;44:12.7431;506:12.6020;522:12.5630;1917:12.4835
random_circles,v4 facet,1,1,50,0.09936318104155362,44,11.672716407339706,11.629468337408328,2175,2014,4.72663190914318,50:11.6727;103:11.6295
random_circles,v4 facet,2,1,78,0.10126653406769037,77,13.61546394133232,12.68442955205733,2197,2000,3.7883596948813647,78:13.6155;81:13.5407;86:13.2788;87:13.2029;99:13.1831;108:13.1142;169:12.8434;904:12.6844
random_circles,v4 facet,3,1,81,0.12687259213998914,81,11.879045482946038,11.427995204747802,2171,1986,4.0216423170641065,81:11.8790;124:11.7827;1254:11.6066;1845:11.4776;2116:11.4748;2338:11.4280
random_circles,v4 facet,4,1,107,0.12025369913317263,99,12.93168309537838,11.917998055847098,2132,1936,4.343447427032515,107:12.9317;108:12.7612;376:12.6223;634:12.3303;1128:12.2021;1254:12.1821;2147:11.9180
random_circles,v4 facet,5,1,52,0.06658284179866314,46,12.562740005214959,11.954442020556755,2166,1989,3.6894045029766858,52:12.5627;53:12.4548;68:12.1789;73:12.0390;133:11.9544
random_circles,v4 facet,6,1,60,0.08072510291822255,61,11.519601878947965,11.424049354680122,2150,1968,4.280278180958703,60:11.5196;64:11.4240
random_circles,v4 facet,7,1,51,0.09483474213629961,52,11.225291835615778,11.225291835615778,2158,1963,5.129628428956494,51:11.2253
random_circles,v4 facet,8,1,48,0.07504848600365222,48,12.013714209138026,11.661865664592682,2167,1993,4.547719285124913,48:12.0137;53:11.8782;58:11.8226;77:11.7462;1137:11.6619
random_circles,v4 facet,9,1,38,0.07575239101424813,39,11.431201306700402,11.105525528566357,2158,2009,5.567679397994652,38:11.4312;41:11.3215;45:11.1055
random_circles,v4 facet,10,1,67,0.13025649916380644,65,11.561490196221335,11.410289509365901,2180,2007,5.768390050157905,67:11.5615;116:11.4956;117:11.4832;1335:11.4103
random_circles,v4 facet,11,1,83,0.1691806421149522,83,12.325267489679629,11.916327583592015,2196,2017,5.612753523979336,83:12.3253;93:12.2190;95:12.1929;358:11.9562;427:11.9184;482:11.9163
random_circles,v4 facet,12,1,37,0.06885423301719129,36,11.902289734137463,11.759413985809102,2167,2025,5.229004753055051,37:11.9023;817:11.8352;2235:11.7594
random_circles,v4 facet,13,1,49,0.0898810310754925,49,12.73521656496968,12.428262615795454,2148,1969,5.314799579093233,49:12.7352;76:12.6200;1650:12.4283
random_circles,v4 facet,14,1,63,0.14088158891536295,64,12.746404427763915,11.771820934864554,2139,1971,4.039202471962199,63:12.7464;64:12.0501;69:11.8494;85:11.8070;1440:11.7718
random_circles,v4 facet,15,1,28,0.03153568785637617,29,11.125300259781671,11.09433845694538,2168,1980,3.019564606016502,28:11.1253;32:11.0943
random_circles,v4 facet,16,1,51,0.09138213703408837,47,12.6704483022143,12.473246497636682,2140,1976,5.387122923042625,51:12.6704;56:12.5803;141:12.5515;379:12.4732
random_circles,v4 facet,17,1,110,0.1940393978729844,102,12.285900201356903,11.697840422367918,2114,1939,5.369107696926221,110:12.2859;117:11.7551;120:11.7080;221:11.6978
random_circles,v4 facet,18,1,49,0.10349772707559168,50,11.366982589868728,11.228833669360618,2116,1970,5.693768049124628,49:11.3670;350:11.2288
random_circles,v4 facet,19,1,65,0.1443498427979648,65,11.637997952109702,11.514418177292228,2109,1952,5.538224619813263,65:11.6380;72:11.5144
random_circles,v2 outward p=0.85,0,1,43,0.049767278134822845,44,12.870826819290718,11.650000762745588,2489,1132,3.3156424169428647,43:12.8708;47:12.8477;57:12.8230;59:12.7115;80:11.6500
random_circles,v2 outward p=0.85,1,1,52,0.05439726379700005,53,12.439049986721132,11.666835949357747,2479,1149,3.3371017498429865,52:12.4390;54:11.6668
random_circles,v2 outward p=0.85,2,1,47,0.051101502031087875,48,13.107142250565806,11.595879271288421,2481,1169,3.5689677668269724,47:13.1071;58:12.5695;76:12.5687;88:11.9497;167:11.7139;189:11.5959
random_circles,v2 outward p=0.85,3,1,37,0.03903494100086391,38,11.936311320908933,11.854488958605467,2489,1161,3.4995899328496307,37:11.9363;543:11.8545
random_circles,v2 outward p=0.85,4,1,47,0.0769257158972323,48,12.099151443953605,12.099151443953605,2482,1167,4.2888117239344865,47:12.0992
random_circles,v2 outward p=0.85,5,1,74,0.12754439003765583,75,12.377323143883029,12.190087676907385,2476,1105,4.851148829096928,74:12.3773;84:12.2380;163:12.1901
random_circles,v2 outward p=0.85,6,1,47,0.08098804880864918,48,12.100090265100675,11.835140155353002,2483,1134,5.027030077995732,47:12.1001;50:11.9662;69:11.8351
random_circles,v2 outward p=0.85,7,1,45,0.07264078292064369,46,12.027499227976378,11.803850109278581,2483,1142,3.5441525699570775,45:12.0275;116:11.8229;180:11.8039
random_circles,v2 outward p=0.85,8,1,24,0.03677520202472806,25,12.41644647460496,12.02087576688545,2486,1130,3.8725015758536756,24:12.4164;30:12.3938;36:12.3723;59:12.0209
random_circles,v2 outward p=0.85,9,1,63,0.06886964291334152,64,12.796506563920934,11.415076473320601,2489,1120,3.4101965171284974,63:12.7965;65:11.8385;100:11.5697;117:11.4151
random_circles,v2 outward p=0.85,10,1,42,0.04743524896912277,43,11.845912781816159,11.74430906808774,2485,1177,3.68432014901191,42:11.8459;164:11.7443
random_circles,v2 outward p=0.85,11,1,52,0.05916586914099753,53,12.509820562103718,12.199412471815531,2481,1139,3.953168730949983,52:12.5098;60:12.2691;1182:12.2286;2088:12.1994
random_circles,v2 outward p=0.85,12,1,56,0.08567076385952532,55,12.636728937300576,11.77011343918158,2478,1157,4.899415034800768,56:12.6367;57:11.8320;2344:11.7701
random_circles,v2 outward p=0.85,13,1,37,0.06108076707459986,38,11.787209605106726,11.787209605106726,2475,1142,4.524751025019214,37:11.7872
random_circles,v2 outward p=0.85,14,1,59,0.05990855908021331,60,12.38273775613117,11.959253887009352,2472,1162,3.20243694097735,59:12.3827;76:12.3461;133:12.2487;297:11.9593
random_circles,v2 outward p=0.85,15,1,30,0.030666447011753917,31,12.440853288535461,11.6687841249819,2489,1132,2.9309291148092598,30:12.4409;35:12.1910;289:11.6688
random_circles,v2 outward p=0.85,16,1,65,0.11202761507593095,66,12.683379882160255,11.458357761027676,2487,1156,4.707096956903115,65:12.6834;101:12.0204;122:11.8268;150:11.4584
random_circles,v2 outward p=0.85,17,1,41,0.03798199212178588,42,11.45928269265893,11.45928269265893,2488,1132,3.179491562070325,41:11.4593
random_circles,v2 outward p=0.85,18,1,57,0.05503634503111243,58,13.050553148822706,11.589358179276743,2475,1156,3.0357387808617204,57:13.0506;64:11.5894
random_circles,v2 outward p=0.85,19,1,38,0.03416470088995993,39,12.221595452182648,12.078853095763266,2481,1140,2.880070843966678,38:12.2216;73:12.0789
random_circles,v3 source-split p=0.85,0,1,29,0.05518847401253879,30,12.419225318965562,11.791766171899013,2293,1557,5.029858916066587,29:12.4192;37:12.0609;75:12.0066;108:11.9755;112:11.8782;975:11.7918
random_circles,v3 source-split p=0.85,1,1,36,0.08706439286470413,37,12.8619074165976,11.317392642964908,2269,1614,4.27539706393145,36:12.8619;53:11.3174
random_circles,v3 source-split p=0.85,2,1,33,0.04305922286584973,34,12.223186366603635,11.915998352230918,2318,1608,3.5941215169150382,33:12.2232;680:11.9160
random_circles,v3 source-split p=0.85,3,1,40,0.05750705604441464,41,11.922112803205229,11.76666764336866,2290,1444,3.263084740843624,40:11.9221;2317:11.7667
random_circles,v3 source-split p=0.85,4,1,38,0.08164561889134347,39,12.899669473593423,12.070797440472319,2296,1583,5.072665348881856,38:12.8997;44:12.8926;47:12.3114;645:12.1779;766:12.1224;1566:12.0708
random_circles,v3 source-split p=0.85,5,1,37,0.08185224002227187,38,12.168485262674835,11.201903555586082,2309,1580,5.20863934000954,37:12.1685;39:11.9441;49:11.8356;49:11.3699;434:11.2019
random_circles,v3 source-split p=0.85,6,1,38,0.09343621297739446,39,12.916011770363951,12.01427850957008,2288,1572,5.10659025516361,38:12.9160;40:12.1341;58:12.0630;2142:12.0143
random_circles,v3 source-split p=0.85,7,1,44,0.09576556482352316,45,12.415081427979,11.679928744943384,2299,1549,5.116424551932141,44:12.4151;45:12.1402;53:11.9721;126:11.8622;198:11.6799
random_circles,v3 source-split p=0.85,8,1,46,0.09850061498582363,47,12.345024976048864,11.887627314082165,2312,1542,4.702713906997815,46:12.3450;65:12.2402;248:11.8876
random_circles,v3 source-split p=0.85,9,1,32,0.06616017897613347,33,12.47490053461699,11.984013392546867,2351,1556,4.739877078915015,32:12.4749;48:12.2600;1387:11.9840
random_circles,v3 source-split p=0.85,10,1,25,0.051282635889947414,26,12.683991300461999,11.576772574545105,2304,1576,4.992814138997346,25:12.6840;52:11.5768
random_circles,v3 source-split p=0.85,11,1,40,0.08767866296693683,41,13.291935391417052,12.342863916168112,2321,1612,5.075472051044926,40:13.2919;71:13.1826;83:12.8628;95:12.5485;98:12.4876;447:12.4432;1925:12.3429
random_circles,v3 source-split p=0.85,12,1,56,0.12193143297918141,57,13.650991506288038,11.618821315668946,2312,1556,5.139205962885171,56:13.6510;71:12.1493;79:11.6188
random_circles,v3 source-split p=0.85,13,1,52,0.12257197708822787,53,12.5020831228295,11.716715051301817,2293,1593,5.309248483041301,52:12.5021;63:12.1960;149:11.7167
random_circles,v3 source-split p=0.85,14,1,46,0.10848932294175029,47,12.400549333164333,12.024685432996055,2286,1510,5.192279841052368,46:12.4005;53:12.2218;403:12.0247
random_circles,v3 source-split p=0.85,15,1,37,0.08794823219068348,38,12.793113441780713,12.247836463028436,2311,1518,5.034532685996965,37:12.7931;102:12.7816;138:12.6100;1098:12.4937;1119:12.3850;1246:12.3398;2065:12.2478
random_circles,v3 source-split p=0.85,16,1,69,0.1662752851843834,70,12.745078283757275,12.271646204943405,2290,1632,4.250196197070181,69:12.7451;71:12.7149;82:12.6977;460:12.5500;1115:12.5332;1651:12.4998;1657:12.3226;2387:12.2716
random_circles,v3 source-split p=0.85,17,1,35,0.051705899881199,36,12.716809313748723,12.3774107117741,2275,1612,3.318173925857991,35:12.7168;43:12.4376;278:12.3774
random_circles,v3 source-split p=0.85,18,1,38,0.05145945097319782,39,12.544037586162329,11.82903276652433,2286,1589,4.077205213950947,38:12.5440;62:12.5353;94:12.4996;112:12.4294;762:11.8517;1893:11.8290
random_circles,v3 source-split p=0.85,19,1,34,0.08576234010979533,35,12.917303486044446,11.889294407590445,2290,1643,5.372132220072672,34:12.9173;36:12.6738;53:12.5022;62:12.3265;166:12.2492;211:12.0172;1176:11.9129;1601:11.8893
random_circles,v4 facet p=0.85,0,1,34,0.04618656891398132,34,13.547731850828223,12.328211404013047,2365,1869,5.821936647873372,34:13.5477;189:13.5014;386:13.4395;443:12.4719;979:12.4185;1366:12.3282
random_circles,v4 facet p=0.85,1,1,36,0.07604887592606246,37,13.466022838252472,12.106222557791416,2382,1857,6.008328183088452,36:13.4660;48:12.7314;79:12.5542;79:12.1062
random_circles,v4 facet p=0.85,2,1,22,0.029159381985664368,23,11.415176345784422,11.415176345784422,2376,1880,4.244370033964515,22:11.4152
random_circles,v4 facet p=0.85,3,1,28,0.03828230081126094,29,13.09808197892446,12.378745804798156,2371,1863,4.129704397870228,28:13.0981;37:12.9828;42:12.6074;48:12.5254;1889:12.3787
random_circles,v4 facet p=0.85,4,1,57,0.09076831000857055,58,12.945190896305792,12.033696493226744,2366,1873,4.798422853928059,57:12.9452;59:12.2485;76:12.0337
random_circles,v4 facet p=0.85,5,1,30,0.04123230814002454,31,11.817271504813395,11.817271504813395,2376,1882,4.078976968070492,30:11.8173
random_circles,v4 facet p=0.85,6,1,27,0.03292639087885618,28,11.82257562951669,11.82257562951669,2387,1868,3.936247139936313,27:11.8226
random_circles,v4 facet p=0.85,7,1,23,0.024832726921886206,24,11.679819277502245,11.542435104167893,2334,1824,3.9024678978603333,23:11.6798;1320:11.5424
random_circles,v4 facet p=0.85,8,1,37,0.050920356065034866,38,12.059874411507902,12.059874411507902,2391,1883,5.205758371157572,37:12.0599
random_circles,v4 facet p=0.85,9,1,33,0.0452926829457283,34,11.916145813204047,11.723095001623575,2368,1835,6.127506279852241,33:11.9161;79:11.8698;121:11.7231
random_circles,v4 facet p=0.85,10,1,22,0.041529822861775756,23,12.755268904279486,11.70042491611374,2387,1877,4.911783933872357,22:12.7553;25:11.7004
random_circles,v4 facet p=0.85,11,1,32,0.05725564598105848,33,12.137771176784534,11.970889093489063,2355,1864,6.499462651088834,32:12.1378;397:11.9709
random_circles,v4 facet p=0.85,12,1,35,0.06262945104390383,36,11.491856467591125,11.491856467591125,2361,1859,4.8340579671785235,35:11.4919
random_circles,v4 facet p=0.85,13,1,34,0.07128700497560203,34,11.898703869317526,11.860612390104588,2388,1885,3.9505182430148125,34:11.8987;53:11.8606
random_circles,v4 facet p=0.85,14,1,62,0.09553405805490911,63,12.262364719896258,12.035710565985193,2386,1879,4.063402321189642,62:12.2624;66:12.2311;69:12.1090;2288:12.0357
random_circles,v4 facet p=0.85,15,1,24,0.028910843189805746,25,11.562809525191136,11.48068658626857,2350,1845,3.919945166213438,24:11.5628;25:11.5066;1612:11.4807
random_circles,v4 facet p=0.85,16,1,33,0.03641432290896773,34,11.714141318307355,11.714141318307355,2392,1912,4.19531660201028,33:11.7141
random_circles,v4 facet p=0.85,17,1,27,0.03072379296645522,28,13.449596061242504,11.756795239285822,2404,1869,3.904784415848553,27:13.4496;30:13.2293;31:12.8071;33:12.5258;34:11.9502;2154:11.7568
random_circles,v4 facet p=0.85,18,1,83,0.12585516297258437,83,13.968690632372205,12.477306152639812,2393,1858,5.6560310178902,83:13.9687;86:13.4531;94:13.2757;113:12.6082;1715:12.4773
random_circles,v4 facet p=0.85,19,1,66,0.15286319400183856,65,12.866409412805652,12.523918226262461,2384,1846,4.312067474005744,66:12.8664;1924:12.7226;2178:12.5239
single_post,uniform,0,1,100,0.1424826488364488,81,11.77580750146002,11.77580750146002,2151,2152,4.469188897870481,100:11.7758
single_post,uniform,1,1,113,0.1413972438313067,86,11.97627290977774,11.881511610245756,2143,2146,4.576735383830965,113:11.9763;114:11.8990;129:11.8815
single_post,uniform,2,1,80,0.14136373903602362,75,11.283240840879184,10.978108230579966,2134,2138,4.592045065946877,80:11.2832;834:11.2054;1466:11.0216;2042:10.9938;2080:10.9781
single_post,uniform,3,1,198,0.2918928829021752,149,11.921955967294231,11.880082226009058,2101,2103,4.725522324908525,198:11.9220;247:11.8801
single_post,uniform,4,1,138,0.2430492560379207,138,11.254983377518498,11.041268923291653,2175,2177,3.87452384410426,138:11.2550;166:11.0413
single_post,uniform,5,1,102,0.09330317401327193,88,12.032416665693177,12.032416665693177,2179,2180,3.294563897885382,102:12.0324
single_post,uniform,6,1,144,0.21042263391427696,108,11.941169420780113,11.482741217286119,2166,2170,4.999751740833744,144:11.9412;153:11.8726;154:11.7094;165:11.5729;1293:11.4894;1733:11.4827
single_post,uniform,7,1,77,0.15098250308074057,78,11.007938241042638,10.739286735058364,2191,2195,5.183207095135003,77:11.0079;82:10.9702;93:10.7527;1317:10.7432;1453:10.7393
single_post,uniform,8,1,123,0.10587197681888938,103,11.1629545415318,11.1629545415318,2177,2178,3.14195021498017,123:11.1630
single_post,uniform,9,1,93,0.09585335617884994,75,11.939651011865578,11.610266840139802,2176,2179,2.934249573154375,93:11.9397;95:11.8292;107:11.6103
single_post,uniform,10,1,91,0.09081053710542619,92,12.246131844694192,12.22984310615315,2185,2187,3.0289123670663685,91:12.2461;208:12.2298
single_post,uniform,11,1,99,0.09551600413396955,83,12.09334593445695,11.389835527573158,2190,2195,4.098540276987478,99:12.0933;110:11.8829;113:11.7126;118:11.4871;1461:11.4054;2201:11.3898
single_post,uniform,12,1,119,0.12713980302214622,105,11.956650704121637,11.653419048874216,2132,2136,3.4454107580240816,119:11.9567;120:11.7199;222:11.7156;2169:11.6534
single_post,uniform,13,1,126,0.220043214969337,114,11.361838441004892,11.29869657398219,2156,2158,3.3329197708517313,126:11.3618;168:11.2987
single_post,uniform,14,1,103,0.11518305609934032,98,12.286017457456879,11.44290291447728,2165,2171,3.1398069250863045,103:12.2860;110:12.2238;111:11.7525;1525:11.7366;1865:11.6534;2309:11.6416;2406:11.4429
single_post,uniform,15,1,76,0.1003773589618504,69,12.55319098168601,11.705024145366167,2150,2152,3.290101238992065,76:12.5532;915:11.9427;1974:11.7050
single_post,uniform,16,1,172,0.24051370494998991,132,13.232416034868583,12.351061192837555,2119,2123,4.700696018990129,172:13.2324;331:12.9570;402:12.8814;758:12.8176;1199:12.6712;1587:12.3511
single_post,uniform,17,1,97,0.17770677991211414,91,11.793018968011612,11.165836256200544,2135,2138,4.782583490014076,97:11.7930;98:11.2977;1104:11.1658
single_post,uniform,18,1,90,0.15636217105202377,72,11.001424258455069,10.872309392147459,2126,2127,4.896304188994691,90:11.0014;111:10.8924;1519:10.8723
single_post,uniform,19,1,125,0.2130968808196485,114,11.593307601159372,11.35098816290888,2129,2132,4.745849335798994,125:11.5933;147:11.4521;881:11.3510
single_post,v1 multi-seed,0,1,35,0.12331726006232202,107,12.497995848270726,11.659649827319527,7137,924,9.068092573899776,35:12.4980;41:12.2133;463:12.0754;2099:11.6596
single_post,v1 multi-seed,1,1,27,0.08835438615642488,80,12.680402790131621,12.1889671883339,7088,893,8.222965162014589,27:12.6804;57:12.6742;57:12.5480;2007:12.2111;2007:12.1890
single_post,v1 multi-seed,2,1,29,0.09493866213597357,89,13.555278344271311,12.20936023528286,7039,913,6.122986363014206,29:13.5553;44:13.4472;49:12.4882;392:12.2094
single_post,v1 multi-seed,3,1,24,0.05830486794002354,73,13.97962742810035,11.713752227157507,7077,907,5.709554014960304,24:13.9796;25:13.2393;25:11.7138
single_post,v1 multi-seed,4,1,31,0.0968910891097039,93,13.762549187787991,11.91487598016972,7090,903,6.202938630944118,31:13.7625;40:13.3304;40:13.3038;42:12.7061;64:12.5482;90:12.3863;109:12.2671;757:12.2287;1114:12.1799;1114:12.1058;1309:12.0317;1309:12.0206;2251:11.9149
single_post,v1 multi-seed,5,1,19,0.04051939700730145,59,13.781268720481338,11.87961488651486,7117,845,6.206003102939576,19:13.7813;22:13.1328;22:11.8796
single_post,v1 multi-seed,6,1,41,0.14001382584683597,125,12.686554038526815,11.701578238027004,7079,867,8.092350051971152,41:12.6866;48:11.7288;335:11.7016
single_post,v1 multi-seed,7,1,18,0.05768860783427954,56,12.607127886183065,11.646584116831926,7091,918,5.850288791814819,18:12.6071;31:12.3534;53:11.7101;58:11.6466
single_post,v1 multi-seed,8,1,28,0.09658756386488676,86,13.774034914749697,11.93578015447877,7126,889,8.665575545048341,28:13.7740;44:12.7033;109:12.3860;139:12.2258;457:12.1274;515:12.0177;533:11.9358
single_post,v1 multi-seed,9,1,16,0.05204250104725361,50,12.589164416153762,11.604444359777125,7179,855,8.09458752302453,16:12.5892;60:12.1877;184:12.1376;221:12.0717;454:11.9710;2147:11.6044
single_post,v1 multi-seed,10,1,30,0.10145291988737881,91,13.397690735165005,11.304464364000925,7117,872,6.6800942400004715,30:13.3977;66:13.2183;74:12.2862;1416:12.0870;1707:11.3045
single_post,v1 multi-seed,11,1,34,0.07066388102248311,104,14.48578589099835,11.965774756453825,7066,914,8.189196214079857,34:14.4858;39:13.5541;62:12.9804;72:12.3857;132:12.2431;277:12.0758;1847:11.9658
single_post,v1 multi-seed,12,1,15,0.044691201066598296,47,12.84165231596729,10.845992783268015,7102,907,6.944535449845716,15:12.8417;31:11.2778;53:10.8460
single_post,v1 multi-seed,13,1,27,0.05188348307274282,83,13.651761264965245,12.291056552654053,7067,898,6.071695683058351,27:13.6518;29:12.5949;30:12.5107;30:12.3360;210:12.3059;294:12.2911
single_post,v1 multi-seed,14,1,30,0.06708049098961055,91,13.677375850303015,11.761470430658282,7040,926,7.713557570939884,30:13.6774;56:12.8711;82:12.7984;117:12.7339;166:12.6545;526:12.5606;785:12.4623;800:12.1091;802:12.0984;1753:11.7615
single_post,v1 multi-seed,15,1,13,0.04312739707529545,41,13.815676197308864,11.415760823490617,7052,901,8.226402234984562,13:13.8157;15:12.8838;26:12.6389;41:12.4598;47:12.2881;69:12.1946;71:11.9871;446:11.8093;491:11.7352;1548:11.6947;1956:11.5589;2125:11.4158
single_post,v1 multi-seed,16,1,45,0.14925927598960698,135,12.304930091832405,11.591906827467172,7162,851,6.521953518036753,45:12.3049;119:12.0016;119:11.8684;490:11.5919
single_post,v1 multi-seed,17,1,18,0.05956471501849592,56,12.361730571489492,11.688544684681565,7138,879,8.411618442973122,18:12.3617;46:12.1858;108:12.0559;109:11.9914;198:11.8910;227:11.8245;915:11.8219;1111:11.8096;1206:11.6885
single_post,v1 multi-seed,18,1,27,0.08699719095602632,83,13.900401883237139,11.803518725619169,7041,927,8.187795768957585,27:13.9004;29:13.3379;29:13.2470;44:12.3599;159:12.2535;2325:11.8035
single_post,v1 multi-seed,19,1,10,0.020600109128281474,32,12.005305160454009,11.518664801878476,7100,920,7.718602802138776,10:12.0053;31:11.5187
single_post,v2 outward,0,1,46,0.04436286212876439,45,14.11331982346443,11.38792900498969,2234,1919,4.159442991018295,46:14.1133;49:13.7137;53:13.4407;127:12.4405;188:12.3234;261:11.9591;330:11.6781;549:11.3879
single_post,v2 outward,1,1,52,0.05833389097824693,53,11.865955930482047,11.53451831708401,2311,1963,6.048686473164707,52:11.8660;645:11.5345
single_post,v2 outward,2,1,32,0.04732498712837696,33,12.164782359113627,11.382857328550484,2296,1915,6.153843157924712,32:12.1648;84:11.9273;205:11.8282;218:11.8123;247:11.4772;1390:11.3829
single_post,v2 outward,3,1,33,0.04833475383929908,34,11.296793924727645,11.248990368426744,2259,1887,4.983886388828978,33:11.2968;40:11.2490
single_post,v2 outward,4,1,50,0.055072332033887506,51,12.569019920087202,11.297529249019862,2266,1936,4.806571939960122,50:12.5690;62:12.5377;78:12.4133;127:12.0147;129:11.7290;142:11.2975
single_post,v2 outward,5,1,52,0.07823114702478051,53,11.830737274989131,11.681227731551372,2272,1925,5.881539687979966,52:11.8307;56:11.8276;68:11.8197;73:11.7458;76:11.6812
single_post,v2 outward,6,1,38,0.06037353118881583,39,12.708735808662823,11.195976196033978,2285,1928,6.104550399119034,38:12.7087;52:12.4399;53:12.1503;54:12.0163;69:11.1960
single_post,v2 outward,7,1,48,0.057887667091563344,49,11.620705388303028,11.301512955496586,2271,1900,4.567845728015527,48:11.6207;49:11.3540;1778:11.3015
single_post,v2 outward,8,1,41,0.04187265387736261,42,12.477593570821625,12.015604468479216,2280,1967,5.467862932011485,41:12.4776;47:12.1997;59:12.1404;148:12.1404;321:12.1282;346:12.1158;654:12.1079;1216:12.0994;1624:12.0156
single_post,v2 outward,9,1,29,0.04246077104471624,30,12.758023862203697,12.248646260089137,2294,1952,5.985320141073316,29:12.7580;38:12.4063;86:12.4018;366:12.3350;432:12.3243;841:12.2715;1006:12.2486
single_post,v2 outward,10,1,54,0.07158695789985359,55,11.79927527909242,11.124839126271183,2282,1937,5.708442239789292,54:11.7993;64:11.7666;68:11.3712;86:11.1248
single_post,v2 outward,11,1,49,0.06716183014214039,50,11.855005544072547,11.636533643545077,2281,1925,5.936815450200811,49:11.8550;58:11.6365
single_post,v2 outward,12,1,57,0.05234428495168686,56,11.746980763721538,11.317970720980183,2283,1971,5.53825818002224,57:11.7470;83:11.4803;2449:11.3180
single_post,v2 outward,13,1,54,0.09049463807605207,55,11.884332711405216,11.588048019330225,2280,1939,5.564850233960897,54:11.8843;68:11.5880
single_post,v2 outward,14,1,58,0.08014661096967757,59,12.930066056350787,11.865382495847559,2274,1918,5.755753319943324,58:12.9301;66:12.0220;89:12.0190;1192:11.8654
single_post,v2 outward,15,1,61,0.08990521496161819,59,13.202027189683985,12.137439566629666,2279,1936,4.237008542055264,61:13.2020;66:13.0681;134:12.9368;181:12.4799;1052:12.2189;1367:12.1374
single_post,v2 outward,16,1,46,0.06275767995975912,44,12.598058745157378,12.259456196420022,2279,1940,5.625408588908613,46:12.5981;59:12.5571;95:12.4978;207:12.4088;722:12.3784;1430:12.3722;1794:12.2595
single_post,v2 outward,17,1,45,0.0447138911113143,45,11.451239510235471,11.328386695539841,2276,1916,4.3960093590430915,45:11.4512;55:11.4370;64:11.3349;75:11.3284
single_post,v2 outward,18,1,44,0.04124940885230899,45,11.923038656695148,11.923038656695148,2239,1930,4.211554138921201,44:11.9230
single_post,v2 outward,19,1,60,0.07824426493607461,60,11.811044875015543,11.633145518836407,2245,1909,4.487461138051003,60:11.8110;74:11.6331
single_post,v3 source-split,0,1,54,0.09022229793481529,55,11.985185199368006,11.210229395270023,2219,1893,4.951761727919802,54:11.9852;57:11.2102
single_post,v3 source-split,1,1,71,0.1367420800961554,72,12.982333804303677,11.90234926229215,2256,1969,5.338171200128272,71:12.9823;89:12.6472;93:12.2720;120:12.2466;132:12.0281;155:11.9298;848:11.9023
single_post,v3 source-split,2,1,52,0.09172562998719513,50,11.723333031517072,11.105752780494328,2257,1921,5.045140405884013,52:11.7233;60:11.4080;306:11.4043;447:11.1107;2452:11.1058
single_post,v3 source-split,3,1,32,0.06065704906359315,33,12.30183138006184,11.983359415594114,2218,1905,4.743988865055144,32:12.3018;423:12.3010;526:11.9834
single_post,v3 source-split,4,1,41,0.07217902410775423,42,12.762321027282674,11.696764108889994,2245,1952,4.004309039097279,41:12.7623;61:12.6089;74:12.4988;704:12.3304;955:12.2884;1034:12.2180;1062:12.1542;1167:11.9261;1967:11.8043;2079:11.6968
single_post,v3 source-split,5,1,56,0.07218411192297935,57,11.918638917851712,11.494385878139884,2226,1948,4.526833288837224,56:11.9186;57:11.6409;824:11.5689;833:11.4944
single_post,v3 source-split,6,1,36,0.06676516798324883,37,11.822019242011985,11.499577036732097,2274,1954,5.448436646023765,36:11.8220;39:11.5952;1883:11.4996
single_post,v3 source-split,7,1,38,0.07538883690722287,39,12.115033311182682,11.151924180605663,2219,1904,5.1353203819599,38:12.1150;39:11.7909;42:11.6481;45:11.6011;558:11.5983;649:11.4581;2354:11.3777;2354:11.3363;2485:11.1519
single_post,v3 source-split,8,1,85,0.1635057469829917,86,14.195553688354565,11.63492895740547,2230,1918,5.100637607974932,85:14.1956;92:13.6747;104:13.1558;112:12.5108;129:12.1810;170:12.0997;199:12.0144;387:11.6349
single_post,v3 source-split,9,1,59,0.06393790012225509,53,13.46930722666034,11.735483632311672,2237,1962,3.9589454419910908,59:13.4693;75:13.4457;77:13.3533;78:13.2589;90:13.0804;99:12.5758;719:12.4122;838:12.3708;953:12.3694;1147:12.1746;1291:12.0772;1339:11.7355
single_post,v3 source-split,10,1,46,0.06022160896100104,47,12.279977234483612,11.154376403338416,2228,1936,3.7140475299675018,46:12.2800;56:11.7082;63:11.4136;79:11.2075;88:11.1942;141:11.1544
single_post,v3 source-split,11,1,50,0.060075180139392614,51,12.229481218695677,11.512555303468837,2261,1952,3.4747949100565165,50:12.2295;67:11.9844;80:11.9731;135:11.9073;143:11.7534;146:11.5671;206:11.5126
single_post,v3 source-split,12,1,52,0.07936772797256708,47,12.815313385113486,11.711380064765924,2229,1982,5.360542845912278,52:12.8153;67:12.7902;73:12.1785;98:11.8877;144:11.7937;148:11.7114
single_post,v3 source-split,13,1,51,0.0944687130395323,50,12.97091233860712,11.420575523291191,2247,1943,5.317113652126864,51:12.9709;68:12.8660;97:12.7677;117:12.0650;296:11.8850;300:11.8850;300:11.7034;382:11.4565;413:11.4206
single_post,v3 source-split,14,1,76,0.16405014600604773,76,13.232928882089018,11.618944329943316,2218,1931,5.3622914950829,76:13.2329;82:13.0948;85:12.2484;102:12.2446;299:11.9316;377:11.6674;407:11.6204;610:11.6189
single_post,v3 source-split,15,1,48,0.1024828830268234,49,13.165273504388542,11.434153679049915,2208,1898,4.535868356004357,48:13.1653;54:13.1344;57:13.1224;66:12.8782;71:12.6381;74:12.6117;87:12.0362;1565:11.9910;1606:11.9113;1705:11.8705;1705:11.4342
single_post,v3 source-split,16,1,63,0.13749273517169058,64,13.579886688353124,12.300392953555193,2229,1981,4.823728245217353,63:13.5799;67:13.4445;106:13.3908;244:13.3608;382:13.0995;607:13.0388;626:13.0388;626:13.0158;641:12.9859;669:12.9654;718:12.8788;813:12.8712;995:12.5783;1091:12.4949;1168:12.3831;1329:12.3004
single_post,v3 source-split,17,1,49,0.05901634506881237,49,12.414695747622446,12.07759568941996,2214,1900,3.946896469919011,49:12.4147;51:12.1354;410:12.0982;1112:12.0776
single_post,v3 source-split,18,1,82,0.10034254915080965,79,13.420097594018008,11.756939544600995,2238,1932,3.3579318469855934,82:13.4201;98:12.4529;117:12.1560;400:12.1414;650:12.0492;2345:11.7569
single_post,v3 source-split,19,1,58,0.06339309690520167,59,13.6269676603314,11.966372920785295,2217,1907,3.0836241408251226,58:13.6270;72:13.3695;377:13.1763;456:12.8280;536:12.3757;747:12.3669;1069:12.2237;1611:11.9762;1635:11.9664
single_post,v4 facet,0,1,33,0.05244144587777555,34,11.783946541537071,11.500243696491205,2219,2012,4.424447370925918,33:11.7839;35:11.5002
single_post,v4 facet,1,1,37,0.06479595298878849,37,11.94149098654332,11.417604830793028,2240,2013,4.914812280097976,37:11.9415;40:11.9162;62:11.9070;412:11.8813;468:11.6065;2233:11.4409;2353:11.4176
single_post,v4 facet,2,1,63,0.12068023509345949,60,11.636333661381462,11.585316789467047,2224,2044,4.675794346025214,63:11.6363;2303:11.5853
single_post,v4 facet,3,1,43,0.04408821486867964,44,12.330539831363746,11.209553289282477,2186,1981,4.133964258013293,43:12.3305;60:12.0000;67:11.9497;75:11.6424;115:11.5299;121:11.2354;126:11.2096
single_post,v4 facet,4,1,38,0.06989457597956061,39,13.514388444756584,11.502423839061791,2197,2005,3.3492816919460893,38:13.5144;65:13.1003;65:11.9446;392:11.6626;623:11.5083;1026:11.5024
single_post,v4 facet,5,1,29,0.030837419908493757,30,12.515965860159628,11.318981062427598,2258,2052,3.174930145032704,29:12.5160;35:12.3031;96:12.0076;1707:11.3190
single_post,v4 facet,6,1,32,0.0354521949775517,33,11.408503070884494,11.157117039690798,2260,2050,3.0227946878876537,32:11.4085;181:11.1818;200:11.1571
single_post,v4 facet,7,1,44,0.04915141896344721,45,11.665882470968004,11.581526924009413,2207,2011,3.102012587012723,44:11.6659;58:11.6626;67:11.5905;403:11.5815
single_post,v4 facet,8,1,40,0.053533991100266576,41,12.275279229606708,11.950836794168545,2246,2035,4.798123100074008,40:12.2753;42:12.1314;43:12.0953;953:12.0347;2485:11.9508
single_post,v4 facet,9,1,36,0.05997632793150842,37,11.544031172589943,11.300396652032356,2269,2046,3.681870026048273,36:11.5440;97:11.5197;152:11.4198;1194:11.4165;1761:11.3004
single_post,v4 facet,10,1,48,0.07103476487100124,49,11.785307983205248,11.038701025266358,2236,2054,3.5008668929804116,48:11.7853;55:11.6733;59:11.5673;76:11.5547;86:11.2251;1611:11.1906;1684:11.1805;2422:11.0806;2422:11.0387
single_post,v4 facet,11,1,44,0.05396254197694361,45,11.34751075914284,11.28301041726351,2248,2033,4.450056673027575,44:11.3475;2459:11.2830
single_post,v4 facet,12,1,23,0.040249035926535726,24,12.758269762222092,11.957357434799889,2239,2028,4.785197444958612,23:12.7583;42:12.5862;235:12.3679;597:12.3575;808:11.9681;1849:11.9574
single_post,v4 facet,13,1,35,0.055416384944692254,34,11.846133278739325,10.95058235494084,2247,2053,4.985479020979255,35:11.8461;1124:11.4161;1430:11.4161;1430:11.2854;2492:10.9506
single_post,v4 facet,14,1,23,0.0428127939812839,24,11.3255743075805,11.088762920884468,2231,2048,4.010140437167138,23:11.3256;29:11.1869;37:11.1367;42:11.1164;58:11.0888
single_post,v4 facet,15,1,23,0.022345615085214376,24,11.281453190870344,11.281453190870344,2259,2045,3.010165747953579,23:11.2815
single_post,v4 facet,16,1,37,0.058926725992932916,38,11.169961221000841,11.117297424563823,2235,2037,4.528824567096308,37:11.1700;41:11.1545;835:11.1496;1835:11.1416;1961:11.1173
single_post,v4 facet,17,1,24,0.05302780098281801,25,10.643265763798667,10.540210412500034,2221,2018,4.505340293049812,24:10.6433;57:10.6368;967:10.5402
single_post,v4 facet,18,1,50,0.08227673498913646,49,12.807482221592249,11.413037050744657,2226,2041,3.094009628985077,50:12.8075;54:12.7628;55:11.8355;67:11.7279;1495:11.5654;1962:11.4130
single_post,v4 facet,19,1,60,0.06274451594799757,61,12.112674681584567,11.29165253982948,2205,2043,2.758867207914591,60:12.1127;77:11.4447;1228:11.3776;1680:11.2917
single_post,v2 outward p=0.85,0,1,53,0.08562460192479193,54,11.680174566735047,11.680174566735047,2485,899,3.6825783590320498,53:11.6802
single_post,v2 outward p=0.85,1,1,52,0.08127577998675406,53,13.80066838532269,11.46066543983677,2479,926,3.74480934208259,52:13.8007;55:13.4520;57:12.3972;61:12.2967;79:11.4897;136:11.4607
single_post,v2 outward p=0.85,2,1,28,0.03820169693790376,29,11.49843430838554,11.461476058629342,2484,907,3.745938675943762,28:11.4984;131:11.4615
single_post,v2 outward p=0.85,3,1,32,0.04165474511682987,33,13.06164311934388,11.648470921658049,2477,919,3.1135738231241703,32:13.0616;35:12.0865;39:11.8759;123:11.7955;789:11.6485
single_post,v2 outward p=0.85,4,1,36,0.05009337002411485,37,11.407011347029622,11.407011347029622,2477,912,3.692176762036979,36:11.4070
single_post,v2 outward p=0.85,5,1,47,0.07590704597532749,48,14.140522136734896,11.709051113450897,2487,901,3.6939769198652357,47:14.1405;53:12.7378;61:12.4703;63:12.2994;69:12.2301;81:11.9304;2448:11.7091
single_post,v2 outward p=0.85,6,1,31,0.04771399893797934,32,10.98855796521821,10.98855796521821,2481,882,3.1754446499980986,31:10.9886
single_post,v2 outward p=0.85,7,1,32,0.02876274799928069,33,12.361356295580883,11.572387405027913,2473,887,2.3126883120276034,32:12.3614;49:11.6489;313:11.5724
single_post,v2 outward p=0.85,8,1,37,0.052371735917404294,38,13.330674182103527,11.162414482694242,2482,883,3.311659177998081,37:13.3307;46:11.1624
single_post,v2 outward p=0.85,9,1,34,0.04737652698531747,35,11.947534340204538,10.720019615702403,2485,895,3.3714264510199428,34:11.9475;49:10.7200
single_post,v2 outward p=0.85,10,1,18,0.026259071892127395,19,12.56408286873826,11.459145067327302,2479,913,3.5045205908827484,18:12.5641;20:11.9063;34:11.7939;296:11.7346;1871:11.4591
single_post,v2 outward p=0.85,11,1,53,0.07657675305381417,54,11.711581713324632,11.595644219945974,2478,891,3.412864919984713,53:11.7116;404:11.6221;1394:11.5956
single_post,v2 outward p=0.85,12,1,35,0.044655852019786835,36,11.6169976771726,11.063351079163535,2474,929,3.5785192800685763,35:11.6170;56:11.5540;178:11.0634
single_post,v2 outward p=0.85,13,1,27,0.03898875508457422,28,11.153894005047523,11.153894005047523,2469,908,3.4535880170296878,27:11.1539
single_post,v2 outward p=0.85,14,1,59,0.09490675898268819,60,12.907130963555083,11.72046628352554,2477,927,3.637401747982949,59:12.9071;62:12.7812;67:12.3004;121:12.2383;518:11.7205
single_post,v2 outward p=0.85,15,1,29,0.03939306293614209,30,12.120708646765571,11.181588522827717,2480,924,3.608121417928487,29:12.1207;33:11.9128;35:11.8493;84:11.6537;1063:11.4162;2040:11.1816
single_post,v2 outward p=0.85,16,1,47,0.06258474406786263,48,12.05078802361585,11.416725614577077,2484,904,2.7303802189417183,47:12.0508;49:11.4167
single_post,v2 outward p=0.85,17,1,29,0.026646299986168742,30,12.69519569800367,11.044923012062236,2487,914,2.5141723370179534,29:12.6952;53:12.1455;222:12.1060;312:11.9116;1961:11.7470;2095:11.0449
single_post,v2 outward p=0.85,18,1,56,0.04964221618138254,57,11.670423146990217,11.448642266374199,2484,900,2.4326745411381125,56:11.6704;73:11.5008;274:11.4486
single_post,v2 outward p=0.85,19,1,64,0.06761817401275039,65,12.998219138636298,11.763963057240854,2479,890,2.5276036029681563,64:12.9982;88:11.7920;1421:11.7719;2297:11.7640
single_post,v3 source-split p=0.85,0,1,20,0.03489286499097943,21,12.521387932916744,11.756338928461398,2361,1310,3.0295651890337467,20:12.5214;26:11.8556;2067:11.7563
single_post,v3 source-split p=0.85,1,1,49,0.06006606784649193,50,12.629306942033276,11.147675879977498,2328,1398,2.5053763778414577,49:12.6293;70:12.6250;71:12.3064;104:11.7113;165:11.6676;174:11.5809;1067:11.1477
single_post,v3 source-split p=0.85,2,1,31,0.03592066606506705,32,12.852290960049169,10.939054810977273,2368,1374,2.352505570044741,31:12.8523;44:12.8259;45:12.1441;93:11.4647;448:11.0879;1214:10.9391
single_post,v3 source-split p=0.85,3,1,33,0.041182990884408355,34,16.014203548834615,11.735854387895566,2341,1408,2.3834166419692338,33:16.0142;35:14.8725;36:14.8505;38:14.7230;39:12.9428;88:12.8254;103:12.8014;133:12.7819;133:12.6984;145:12.3184;172:12.0620;792:12.0057;792:11.7359
single_post,v3 source-split p=0.85,4,1,22,0.02877610013820231,23,12.565391846478867,11.74013733429824,2373,1454,2.950512014096603,22:12.5654;25:12.4658;54:12.0809;89:12.0489;183:11.7554;201:11.7401
single_post,v3 source-split p=0.85,5,1,42,0.05248405318707228,43,11.655385656421261,11.655385656421261,2363,1410,2.844097902998328,42:11.6554
single_post,v3 source-split p=0.85,6,1,28,0.03775204881094396,29,14.009087581827933,11.588577748596867,2349,1403,2.7404114860109985,28:14.0091;33:13.3432;61:12.9110;62:11.9335;115:11.7102;1921:11.5886
single_post,v3 source-split p=0.85,7,1,50,0.07210687408223748,51,13.777899392965335,11.782988912133415,2342,1412,2.8454838301986456,50:13.7779;52:12.8891;100:12.5793;124:12.5193;488:12.3618;809:12.0691;1375:11.9228;1375:11.7830
single_post,v3 source-split p=0.85,8,1,27,0.04619081993587315,28,13.108425258931227,12.108945757817335,2355,1426,3.8980615069158375,27:13.1084;45:13.0403;87:12.9194;93:12.7203;157:12.5588;314:12.5320;930:12.5093;952:12.3447;1184:12.2197;1381:12.1176;1909:12.1113;2487:12.1089
single_post,v3 source-split p=0.85,9,1,27,0.04689924605190754,28,11.3544664049822,11.274057618816583,2362,1429,3.9345019629690796,27:11.3545;932:11.2741
single_post,v3 source-split p=0.85,10,1,27,0.04701927304267883,28,11.53446737941504,11.53446737941504,2355,1461,4.031732159201056,27:11.5345
single_post,v3 source-split p=0.85,11,1,24,0.044083484914153814,25,11.947739827393775,11.60202374300051,2349,1387,2.8252424590755254,24:11.9477;1902:11.8607;2455:11.6020
single_post,v3 source-split p=0.85,12,1,39,0.07090694387443364,40,12.59002710044234,11.568573998172957,2353,1397,3.9879607500042766,39:12.5900;53:12.5535;82:12.5157;95:11.8960;1100:11.5826;2151:11.5686
single_post,v3 source-split p=0.85,13,1,42,0.08707030909135938,43,14.355823832842763,11.748773886179134,2352,1392,4.023003828944638,42:14.3558;46:14.2963;53:12.9112;60:11.7488
single_post,v3 source-split p=0.85,14,1,37,0.07499091001227498,38,11.58349395600868,11.466711119378116,2357,1397,4.181780539918691,37:11.5835;211:11.4667
single_post,v3 source-split p=0.85,15,1,30,0.05239653680473566,31,12.32849099491113,11.568208137193391,2379,1410,4.237521140836179,30:12.3285;33:11.6332;935:11.5907;1230:11.5682
single_post,v3 source-split p=0.85,16,1,29,0.05320464400574565,30,12.08331261296643,11.449595955758843,2344,1456,4.175846219062805,29:12.0833;46:11.6199;911:11.4654;2390:11.4496
single_post,v3 source-split p=0.85,17,1,38,0.07501661987043917,39,11.29605844014433,11.29605844014433,2342,1420,4.135783271864057,38:11.2961
single_post,v3 source-split p=0.85,18,1,54,0.11059916508384049,55,13.427999518200927,11.660468139565253,2344,1435,4.1988486589398235,54:13.4280;56:12.7617;76:12.4806;93:11.8787;1489:11.6605
single_post,v3 source-split p=0.85,19,1,25,0.047687682090327144,26,12.242906837306094,11.999465014810115,2350,1479,4.174495309125632,25:12.2429;622:12.1652;1457:12.0911;1683:12.0477;2479:11.9995
single_post,v4 facet p=0.85,0,1,19,0.027524768840521574,20,11.567972812525982,10.781189880842543,2215,2025,4.457495892886072,19:11.5680;539:11.3779;727:11.2790;878:11.1251;1292:10.7812
single_post,v4 facet p=0.85,1,1,18,0.029321642126888037,19,11.8012980569976,11.02846313305431,2230,2052,4.3910049120895565,18:11.8013;19:11.7753;22:11.2187;26:11.0587;41:11.0285
single_post,v4 facet p=0.85,2,1,31,0.03217239701189101,32,11.906356457437974,11.05656610318229,2190,1999,3.1511667859740555,31:11.9064;32:11.7611;37:11.3327;77:11.0922;227:11.0566
single_post,v4 facet p=0.85,3,1,19,0.018956721993163228,20,12.403878148075137,10.860322522584278,2166,1974,3.1665564530994743,19:12.4039;22:11.7768;37:11.0755;611:10.8603
single_post,v4 facet p=0.85,4,1,25,0.028113147942349315,26,11.508327030367271,10.633580900748916,2188,2010,3.549433442996815,25:11.5083;31:11.1166;913:10.8806;1154:10.8298;1193:10.7909;1326:10.6336
single_post,v4 facet p=0.85,5,1,16,0.02554491814225912,17,12.02836201410713,11.331742767830217,2221,2051,4.828542330069467,16:12.0284;52:11.9951;66:11.4944;66:11.3317
single_post,v4 facet p=0.85,6,1,32,0.05345238302834332,33,11.465340422444728,11.04631419272941,2231,2054,4.856770232087001,32:11.4653;69:11.2005;167:11.1702;272:11.0463
single_post,v4 facet p=0.85,7,1,31,0.06221291492693126,32,11.504084251625251,11.1679736088452,2208,2033,4.275377559941262,31:11.5041;71:11.4226;194:11.2115;330:11.1680
single_post,v4 facet p=0.85,8,1,29,0.046957494923844934,30,12.59940868733495,11.353965503576813,2250,2058,4.6121307369321585,29:12.5994;31:12.2685;36:11.3540
single_post,v4 facet p=0.85,9,1,18,0.029825652949512005,19,11.453220678988767,11.043725356949938,2229,2036,4.151567301945761,18:11.4532;48:11.4209;62:11.3801;88:11.3783;823:11.1560;1606:11.0437
single_post,v4 facet p=0.85,10,1,12,0.018797425087541342,13,12.920749989557303,11.171232919957184,2253,2047,4.458679675124586,12:12.9207;24:12.8066;25:11.1712
single_post,v4 facet p=0.85,11,1,23,0.037035305984318256,24,11.115019744585247,11.115019744585247,2216,2022,2.9997065279167145,23:11.1150
single_post,v4 facet p=0.85,12,1,32,0.0400407740380615,33,12.959806778146717,11.365265965843566,2223,2047,3.327472718898207,32:12.9598;78:12.8637;100:12.6918;172:12.6759;301:12.2859;399:12.0720;1174:11.8569;2060:11.7684;2269:11.3653
single_post,v4 facet p=0.85,13,1,14,0.014962072018533945,15,12.244276194859767,11.45276653118814,2207,2020,3.550022952957079,14:12.2443;46:12.1601;178:12.0436;202:12.0028;804:12.0011;1078:11.9485;1384:11.4528
single_post,v4 facet p=0.85,14,1,19,0.030874750809744,20,10.801612069048899,10.801612069048899,2201,2005,4.764391295844689,19:10.8016
single_post,v4 facet p=0.85,15,1,15,0.02588529186323285,16,11.86135282531548,11.527271099908505,2206,2043,4.598332311958075,15:11.8614;35:11.7670;44:11.7038;1673:11.6778;2070:11.6336;2168:11.5807;2169:11.5273
single_post,v4 facet p=0.85,16,1,26,0.023643978172913194,27,10.781129502088232,10.781129502088232,2180,1987,2.786029890179634,26:10.7811
single_post,v4 facet p=0.85,17,1,21,0.01938933483324945,22,12.307151778734587,11.124112161067394,2222,2055,3.377264473820105,21:12.3072;33:11.9857;242:11.8857;243:11.7159;599:11.3780;627:11.2881;928:11.1241
single_post,v4 facet p=0.85,18,1,20,0.019321655854582787,21,11.752797583870107,11.160450184530958,2220,2028,3.2554022669792175,20:11.7528;23:11.5323;35:11.4449;248:11.1605
single_post,v4 facet p=0.85,19,1,17,0.01783786597661674,18,12.664082531152776,11.44308397998985,2212,2041,3.134100320050493,17:12.6641;31:12.3730;33:12.3449;36:12.2946;59:11.9346;81:11.8501;406:11.8213;551:11.6715;724:11.5724;893:11.5209;1490:11.4431
post_fence,uniform,0,1,872,0.5947776699904352,456,13.789674048505839,13.789674048505839,1823,1824,2.5115159179549664,872:13.7897
post_fence,uniform,1,1,408,0.28847972792573273,245,13.430817159648587,13.051368938057403,2022,2026,3.039745152927935,408:13.4308;415:13.2600;450:13.1321;1022:13.1278;1718:13.0751;1905:13.0514
post_fence,uniform,2,1,95,0.16326380684040487,92,10.932527536878705,10.669662714289261,2102,2105,3.567726737819612,95:10.9325;97:10.8412;102:10.7176;1028:10.7079;1063:10.6697
post_fence,uniform,3,1,91,0.11909508798271418,83,12.002952896272514,10.474766966523548,2077,2080,3.601280408911407,91:12.0030;95:10.4969;101:10.4748
post_fence,uniform,4,1,103,0.12582481605932117,94,11.895951629587294,11.217823414834962,2122,2126,4.696196912089363,103:11.8960;110:11.8429;123:11.5181;166:11.2178
post_fence,uniform,5,1,123,0.21868883189745247,106,11.489388020390473,11.105748057998209,2116,2119,4.968845759984106,123:11.4894;138:11.1553;144:11.1057
post_fence,uniform,6,1,108,0.18982512806542218,88,11.479626062198363,10.942319622391619,2106,2110,5.049374829977751,108:11.4796;153:11.3786;154:11.2482;2321:10.9423
post_fence,uniform,7,1,73,0.128075554035604,74,11.121619599594712,10.911735086999805,2178,2181,5.077919408213347,73:11.1216;76:10.9130;82:10.9117
post_fence,uniform,8,1,110,0.19960688799619675,96,11.123615452050254,11.123615452050254,2130,2131,4.322924250969663,110:11.1236
post_fence,uniform,9,1,172,0.14342686301097274,124,11.552511193369867,11.03922507961786,2092,2096,3.2005874570459127,172:11.5525;173:11.3348;175:11.3095;178:11.0392
post_fence,uniform,10,1,83,0.10327375307679176,80,10.824400633386707,10.775769689259592,2134,2136,3.4129996050614864,83:10.8244;99:10.7758
post_fence,uniform,11,1,118,0.14891594694927335,101,11.319028331445782,11.171517872974022,2154,2156,4.916694918880239,118:11.3190;2201:11.1715
post_fence,uniform,12,1,217,0.23521426413208246,153,13.0352680435715,12.711540568095717,2064,2067,4.368274851003662,217:13.0353;222:12.7955;224:12.7709;329:12.7115
post_fence,uniform,13,1,120,0.2149406559765339,100,11.351984336931599,11.351984336931599,2103,2104,4.720287883887067,120:11.3520
post_fence,uniform,14,1,95,0.1663251470308751,84,10.950697631903623,10.857044346290145,2100,2102,4.4519831030629575,95:10.9507;953:10.8570
post_fence,uniform,15,1,257,0.1966339119244367,150,11.993484051823572,11.772760050772282,2026,2029,3.2486368909012526,257:11.9935;507:11.8278;1817:11.7728
post_fence,uniform,16,1,763,0.580613027093932,411,11.896464556131873,11.409177913612798,1848,1852,2.957566770957783,763:11.8965;770:11.7947;775:11.6608;784:11.4752;1354:11.4092
post_fence,uniform,17,1,211,0.2644235980696976,144,12.958666614382965,12.031511534574648,2064,2069,3.7311318069696426,211:12.9587;217:12.9220;218:12.7270;1691:12.3954;1891:12.0593;2480:12.0437;2484:12.0315
post_fence,uniform,18,1,67,0.13335786387324333,63,10.665307601488871,10.459429109041574,2084,2087,4.678539492888376,67:10.6653;88:10.4801;90:10.4594
post_fence,uniform,19,1,227,0.33626060793176293,166,12.966195307037612,12.644595200534807,1991,1995,4.493146372027695,227:12.9662;262:12.9629;274:12.7022;279:12.6446
post_fence,v1 multi-seed,0,1,19,0.03975555091165006,59,12.959045473223366,11.966086852833492,7165,1062,9.358263143105432,19:12.9590;23:12.6736;52:12.3704;69:12.1246;94:12.0704;307:11.9661
post_fence,v1 multi-seed,1,1,96,0.3442187779583037,288,15.562775773089065,11.449784343461722,7137,1102,9.393621170893312,96:15.5628;97:15.0946;97:14.9360;98:14.5197;109:13.9935;114:13.7563;114:13.6313;119:13.5389;180:12.4451;324:12.0005;460:11.5162;669:11.4498
post_fence,v1 multi-seed,2,1,28,0.059608399868011475,85,11.953473594247193,11.563155416265346,7082,1101,7.888028452871367,28:11.9535;29:11.7585;104:11.5632
post_fence,v1 multi-seed,3,1,31,0.07536115194670856,95,12.338155231359965,11.815303176569966,7130,1115,10.33230818901211,31:12.3382;77:12.2155;77:11.9598;2341:11.8521;2341:11.8153
post_fence,v1 multi-seed,4,1,69,0.2750070740003139,205,13.55790284971072,11.562073627987418,7117,1105,10.812681698938832,69:13.5579;208:13.4527;215:12.3992;747:12.2058;747:12.1454;1517:11.8182;1554:11.6096;2067:11.5621
post_fence,v1 multi-seed,5,1,21,0.06694167293608189,65,12.51766918722473,11.717911232068793,7167,1053,9.377187030855566,21:12.5177;32:12.4799;32:12.2843;506:12.1060;572:11.7179
post_fence,v1 multi-seed,6,1,35,0.11624013911932707,107,11.735581735233506,11.217424992554418,7130,1009,9.124447870999575,35:11.7356;53:11.5417;61:11.2818;61:11.2174
post_fence,v1 multi-seed,7,1,65,0.22241535503417253,197,14.540954360761255,11.977682034974205,7165,1051,6.56332868989557,65:14.5410;66:14.4433;84:14.0684;104:14.0373;193:13.8799;201:13.0927;250:12.9381;1290:12.8557;1314:12.7027;2045:12.4156;2220:12.3363;2403:11.9777
post_fence,v1 multi-seed,8,1,53,0.11197620490565896,161,12.592669560402248,11.052353631593292,7158,1087,6.693099756957963,53:12.5927;60:12.2456;129:12.1313;327:12.0678;972:11.1653;1056:11.0719;2408:11.0524
post_fence,v1 multi-seed,9,1,21,0.04300381406210363,65,12.166712269411764,10.911413663867231,7205,1013,6.201706098858267,21:12.1667;42:11.9417;43:11.6055;707:10.9922;1013:10.9114
post_fence,v1 multi-seed,10,1,60,0.20801887894049287,180,11.956482499529463,11.164879033076696,7152,1049,9.190368039999157,60:11.9565;82:11.1649
post_fence,v1 multi-seed,11,1,20,0.06676138308830559,62,12.024757665346916,11.009376928913287,7110,1063,6.991050977958366,20:12.0248;25:11.9987;25:11.8494;48:11.4697;64:11.3065;1293:11.2508;1370:11.0094
post_fence,v1 multi-seed,12,1,36,0.08427764195948839,107,13.874437628151272,11.479744411910232,7120,1090,7.682805893011391,36:13.8744;94:13.7059;128:12.0736;222:11.6729;529:11.4821;1710:11.4797
post_fence,v1 multi-seed,13,1,32,0.07191479601897299,98,12.161782116897994,11.199819009210342,7124,1119,7.44591219490394,32:12.1618;34:11.1998
post_fence,v1 multi-seed,14,1,40,0.09513921895995736,121,14.280457721658973,10.922335236843756,7084,1098,7.076063722139224,40:14.2805;47:13.9762;53:13.9606;57:12.7526;81:11.5234;804:11.5232;804:11.4566;2447:10.9223
post_fence,v1 multi-seed,15,1,102,0.2487894839141518,306,13.151399261714912,11.376420200808312,7101,1087,6.808521997882053,102:13.1514;108:12.6297;116:11.9962;116:11.7992;149:11.3764
post_fence,v1 multi-seed,16,1,57,0.1933717909269035,172,12.637544769370065,11.688258239387919,7184,1035,8.522742366883904,57:12.6375;71:11.8879;100:11.6883
post_fence,v1 multi-seed,17,1,60,0.11963616404682398,180,12.39678789774421,11.226459069954107,7156,1081,5.571976407198235,60:12.3968;80:11.7283;158:11.2325;775:11.2265
post_fence,v1 multi-seed,18,1,55,0.10231129499152303,167,12.64459429047362,11.523886048212148,7129,1089,5.216991730034351,55:12.6446;60:12.6022;80:12.2113;249:11.9362;575:11.5239
post_fence,v1 multi-seed,19,1,52,0.09128591301850975,157,12.741535408874551,12.069013743854896,7169,1031,4.77183055691421,52:12.7415;56:12.7405;106:12.6499;106:12.1881;115:12.1070;1744:12.0690
post_fence,v2 outward,0,1,368,0.6214355409611017,321,14.50238085583304,12.826024061009537,2162,1821,6.296881300164387,368:14.5024;379:14.4092;400:14.0755;738:14.0027;757:13.9906;1666:13.9525;1701:13.6969;1800:13.5888;1808:13.0352;2170:12.9805;2403:12.8260
post_fence,v2 outward,1,1,265,0.4453916859347373,239,13.793932400177171,12.00741185713214,2203,1860,6.245181689970195,265:13.7939;267:13.4674;287:13.1486;330:12.4103;454:12.2916;475:12.1990;475:12.0074
post_fence,v2 outward,2,1,104,0.1707857579458505,103,12.545205527062006,12.178932045250415,2272,1936,6.278739977860823,104:12.5452;118:12.5382;119:12.5205;135:12.3345;1543:12.2948;2396:12.1789
post_fence,v2 outward,3,1,164,0.30181969283148646,160,12.92083549101447,12.213882474213596,2235,1887,6.061176613904536,164:12.9208;166:12.7768;357:12.7028;369:12.6685;415:12.6573;584:12.3556;840:12.2809;1108:12.2391;1265:12.2139
post_fence,v2 outward,4,1,174,0.2915189708583057,152,12.215203997815667,12.027541916085102,2204,1895,5.032335005002096,174:12.2152;1042:12.0275
post_fence,v2 outward,5,1,377,0.4304163958877325,323,12.537943272579414,11.89253487910236,2224,1901,3.9955731378868222,377:12.5379;378:12.3843;380:11.9918;1917:11.8925
post_fence,v2 outward,6,1,81,0.08154527493752539,82,11.768530017956188,11.522276645345652,2266,1922,3.720284964889288,81:11.7685;95:11.6822;107:11.5650;2019:11.5223
post_fence,v2 outward,7,1,402,0.3997933301143348,361,13.374447328293023,12.698512771627286,2260,1880,3.542997129028663,402:13.3744;424:13.2594;573:12.7042;1239:12.7024;1681:12.6985
post_fence,v2 outward,8,1,444,0.536948201013729,386,13.236545289924008,11.979479044326297,2225,1893,4.640447748824954,444:13.2365;469:13.1325;534:12.4354;605:12.2292;720:12.0508;747:12.0177;1505:11.9795
post_fence,v2 outward,9,1,66,0.07287960103712976,64,11.76291729755121,10.989676411109564,2263,1964,4.899273227900267,66:11.7629;67:11.3120;78:11.1610;85:10.9897
post_fence,v2 outward,10,1,127,0.1518007069826126,126,10.954859985873561,10.735459461388121,2249,1917,4.94794925278984,127:10.9549;128:10.8012;2499:10.7355
post_fence,v2 outward,11,1,83,0.10225014900788665,84,12.63448637791136,11.895938625072674,2268,1942,6.776966684963554,83:12.6345;93:12.3213;99:12.1109;177:12.0448;183:11.9588;327:11.9542;1417:11.8959
post_fence,v2 outward,12,1,90,0.09348207782022655,83,12.569451170856535,12.04217222920741,2258,1967,4.730628690915182,90:12.5695;117:12.0422
post_fence,v2 outward,13,1,249,0.3000029679387808,237,12.981462246363536,11.646208548763628,2250,1924,4.630570403067395,249:12.9815;252:12.9251;275:12.2028;363:12.2019;1356:11.9581;2000:11.8258;2001:11.6462
post_fence,v2 outward,14,1,224,0.2656614691950381,217,12.434360375832329,12.258750989910931,2242,1912,6.291807156056166,224:12.4344;249:12.3984;251:12.2588
post_fence,v2 outward,15,1,200,0.2374445740133524,188,12.154599729891922,12.13730327977701,2255,1916,5.018892855150625,200:12.1546;776:12.1373
post_fence,v2 outward,16,1,108,0.1719359119888395,102,10.969124947721774,10.807991915476515,2256,1952,6.507315058959648,108:10.9691;148:10.8080
post_fence,v2 outward,17,1,141,0.23228243901394308,132,14.030866061753382,13.057769264156994,2248,1931,6.476335420971736,141:14.0309;142:13.9608;157:13.9606;160:13.7974;163:13.1695;197:13.0578
post_fence,v2 outward,18,1,56,0.08985444507561624,57,12.041535820323691,11.36764212475864,2247,1954,6.562528854934499,56:12.0415;69:11.9336;104:11.8465;154:11.6728;186:11.5746;1495:11.3676
post_fence,v2 outward,19,1,158,0.2770998750347644,148,12.8284860504461,11.626127138541122,2186,1855,6.398513691965491,158:12.8285;169:11.6475;451:11.6333;891:11.6261
post_fence,v3 source-split,0,1,158,0.205946204951033,145,13.928332413272653,12.15149350441665,2170,1898,3.9531498961150646,158:13.9283;174:12.9895;219:12.4651;222:12.2743;1138:12.1515
post_fence,v3 source-split,1,1,176,0.2300775540061295,167,13.586047077933014,13.158703338271035,2189,1947,3.9935417058877647,176:13.5860;441:13.5653;2073:13.1866;2102:13.1795;2238:13.1637;2407:13.1587
post_fence,v3 source-split,2,1,132,0.17883598012849689,122,12.108044444734903,12.08543797084425,2194,1923,3.89137135213241,132:12.1080;664:12.1069;670:12.0975;1658:12.0854
post_fence,v3 source-split,3,1,218,0.27981999702751637,204,13.087155412928674,11.3845646434501,2176,1887,4.377615419914946,218:13.0872;230:11.4903;1745:11.3846
post_fence,v3 source-split,4,1,111,0.1999663959722966,96,13.50214584317785,12.106019248189142,2230,1971,4.582741602091119,111:13.5021;128:13.4841;170:13.4595;178:13.4405;184:13.4254;374:13.4146;452:13.3957;533:13.3287;662:13.0470;818:12.7800;952:12.7164;1147:12.1060
post_fence,v3 source-split,5,1,98,0.10976859298534691,91,13.163584776930495,11.656701872958493,2208,1952,3.4889707260299474,98:13.1636;111:12.3498;1610:12.3460;1888:12.3090;1936:12.0417;2008:12.0253;2401:11.6567
post_fence,v3 source-split,6,1,831,0.6736687778029591,662,14.672784881996877,13.509332950489412,2125,1703,2.880442650988698,831:14.6728;836:14.1944;841:13.9871;851:13.9188;1016:13.8503;1663:13.5375;1847:13.5093
post_fence,v3 source-split,7,1,98,0.10513237491250038,93,11.35419902966147,10.966280752152652,2201,1928,3.143520141020417,98:11.3542;208:11.2010;319:11.1207;425:10.9663
post_fence,v3 source-split,8,1,62,0.12874377402476966,62,12.597086849471905,12.068154984170778,2267,2008,6.2249035239219666,62:12.5971;85:12.5728;86:12.3325;131:12.0682
post_fence,v3 source-split,9,1,106,0.2141242129728198,102,13.043309595518565,12.618443177995887,2230,1976,5.701832201797515,106:13.0433;108:12.7603;2180:12.6184
post_fence,v3 source-split,10,1,74,0.15365670109167695,74,11.045792508417291,10.634385749781076,2221,1962,5.86455798195675,74:11.0458;75:10.9866;76:10.9669;77:10.8171;86:10.7350;99:10.6349;285:10.6344
post_fence,v3 source-split,11,1,109,0.1674451280850917,108,12.795743393639368,11.801801101315007,2219,1919,3.935432330938056,109:12.7957;141:12.5088;160:12.5064;502:12.4549;2179:11.8018
post_fence,v3 source-split,12,1,127,0.23211001395247877,121,12.333446309960978,11.47980656898338,2195,1978,5.323905643075705,127:12.3334;128:12.2453;132:11.8115;2337:11.4798
post_fence,v3 source-split,13,1,175,0.2121318920981139,158,12.453619610959198,12.130350827324731,2225,1928,4.019726861035451,175:12.4536;177:12.4458;470:12.4426;1702:12.1304
post_fence,v3 source-split,14,1,245,0.46895269211381674,220,13.235156941038074,12.542388132383412,2148,1893,4.196498629171401,245:13.2352;252:13.1766;303:13.1314;1350:13.1181;1440:12.5424
post_fence,v3 source-split,15,1,77,0.09635111107490957,77,12.42313153521818,11.642294088177142,2196,1903,4.919684020103887,77:12.4231;79:12.3406;80:11.6797;110:11.6453;267:11.6424;1724:11.6423
post_fence,v3 source-split,16,1,239,0.3381457789801061,213,13.58707406053475,11.98686813347645,2140,1906,3.8787504471838474,239:13.5871;246:13.4558;247:12.8336;926:12.2769;926:11.9869
post_fence,v3 source-split,17,1,142,0.1833355079870671,133,12.525283792511738,11.149395114889094,2186,1911,3.5933199340943247,142:12.5253;145:12.3382;551:12.3140;605:11.7366;728:11.1494
post_fence,v3 source-split,18,1,278,0.3039142719935626,243,14.527293782386186,13.19460633161429,2184,1909,3.3758952899370342,278:14.5273;279:14.5240;286:14.3580;291:13.6886;500:13.6259;659:13.5357;1038:13.3463;1315:13.1946
post_fence,v3 source-split,19,1,103,0.1037249630317092,96,12.856509213606339,12.736497752392617,2181,1900,3.210401508025825,103:12.8565;105:12.7365
post_fence,v4 facet,0,1,57,0.11987349204719067,58,11.695473969525843,11.468794684403225,2203,2048,5.432169534964487,57:11.6955;148:11.5888;462:11.4719;487:11.4688
post_fence,v4 facet,1,1,58,0.11349331098608673,58,12.923107074524118,11.722963301634364,2240,2075,5.383481299038976,58:12.9231;62:12.6895;105:12.5627;619:11.7636;1819:11.7230
post_fence,v4 facet,2,1,47,0.0965730189345777,48,11.64391752778898,11.391496371745154,2235,2032,5.368838052963838,47:11.6439;80:11.5434;84:11.5387;490:11.4158;1632:11.4132;1694:11.3915
post_fence,v4 facet,3,1,66,0.12978112394921482,66,12.585767519276656,11.451469770758678,2225,2055,5.492817674996331,66:12.5858;78:12.4034;126:12.2104;386:11.9936;435:11.4515
post_fence,v4 facet,4,1,49,0.05924860015511513,47,11.408371256440043,11.337036916473885,2193,2051,3.4091237711254507,49:11.4084;73:11.3883;76:11.3490;974:11.3370
post_fence,v4 facet,5,1,75,0.09137376397848129,62,12.096188899183112,11.61832114420139,2247,2085,3.7046255990862846,75:12.0962;323:12.0751;359:12.0606;481:11.9112;613:11.8985;1031:11.6183
post_fence,v4 facet,6,1,56,0.07796264719218016,56,10.807370738688896,10.624059423318664,2266,2104,4.858560421038419,56:10.8074;64:10.7009;2239:10.6241
post_fence,v4 facet,7,1,45,0.09234716999344528,46,12.430978690549193,11.364159627524609,2253,2084,5.350861156126484,45:12.4310;59:11.7832;65:11.5080;116:11.4279;439:11.3863;483:11.3642
post_fence,v4 facet,8,1,55,0.069431517040357,55,11.864797953176694,11.580613352814034,2237,2099,4.338468422880396,55:11.8648;57:11.5806
post_fence,v4 facet,9,1,36,0.06670974614098668,37,11.198627869374121,11.08451146982347,2245,2092,5.378914310131222,36:11.1986;92:11.0845
post_fence,v4 facet,10,1,57,0.11222120909951627,55,12.588360734936709,12.240418927031238,2227,2081,5.512070044176653,57:12.5884;78:12.4088;468:12.2404
post_fence,v4 facet,11,1,115,0.2379700809251517,107,12.829171496208412,12.310101272929467,2234,2058,5.370420021936297,115:12.8292;217:12.7923;484:12.7019;1398:12.5773;1429:12.5279;1599:12.4322;1652:12.3522;2190:12.3193;2469:12.3101
post_fence,v4 facet,12,1,78,0.08338602795265615,69,12.01200444670852,11.604930000760323,2237,2090,3.464321370003745,78:12.0120;1889:11.6049
post_fence,v4 facet,13,1,64,0.11444837716408074,65,11.078901866845936,10.767097171246515,2257,2099,5.515984439989552,64:11.0789;65:10.8742;101:10.8669;1318:10.8666;2277:10.7671
post_fence,v4 facet,14,1,141,0.2661550799384713,134,12.914643027150412,11.901037463380455,2219,2045,5.18256561900489,141:12.9146;185:12.8126;194:12.4890;376:12.3519;1781:12.3216;2183:12.1147;2495:11.9010
post_fence,v4 facet,15,1,56,0.0996427508071065,50,11.160240336344007,10.700691215242458,2220,2049,4.595850670011714,56:11.1602;61:11.1485;754:11.0890;1415:10.8485;1880:10.7007
post_fence,v4 facet,16,1,51,0.09762796596623957,52,11.726610664381584,11.247839180101609,2230,2077,4.9513321600388736,51:11.7266;56:11.4629;153:11.3500;194:11.2478
post_fence,v4 facet,17,1,107,0.21116764401085675,98,10.990280727031642,10.716464471978584,2226,2044,5.003435943042859,107:10.9903;123:10.9362;366:10.8221;518:10.7545;1666:10.7545;1666:10.7165
post_fence,v4 facet,18,1,57,0.11014239396899939,54,11.428421603398078,11.414819896158585,2194,2055,3.725412931991741,57:11.4284;171:11.4269;2465:11.4148
post_fence,v4 facet,19,1,63,0.07889741100370884,60,11.686879147596482,11.566130020843353,2178,2019,4.816093086032197,63:11.6869;514:11.5661
post_fence,v2 outward p=0.85,0,1,278,0.3672373208682984,279,14.707293739080821,12.809372857016454,2486,1162,4.06977806892246,278:14.7073;282:13.8005;580:13.6126;638:13.4044;868:13.0921;877:13.0768;920:12.8704;1966:12.8094
post_fence,v2 outward p=0.85,1,1,383,0.5117920211050659,377,13.80762521574232,12.145325975572279,2476,1210,4.150690763955936,383:13.8076;393:13.5813;394:13.5688;1477:13.5564;1530:13.3185;1559:13.1970;1576:12.4663;2155:12.2799;2155:12.1453
post_fence,v2 outward p=0.85,2,1,212,0.32721483800560236,213,14.357875333387405,12.089415807264306,2482,1184,4.096444302937016,212:14.3579;214:13.7571;216:13.4326;220:13.3362;272:12.8819;497:12.8330;1425:12.2235;1425:12.0894
post_fence,v2 outward p=0.85,3,1,344,0.49058751785196364,345,10.798371567714371,10.6385151896264,2483,1178,5.163256491068751,344:10.7984;547:10.6385
post_fence,v2 outward p=0.85,4,1,165,0.300817928975448,165,11.973502388915138,11.079235003253633,2489,1164,5.47044824087061,165:11.9735;168:11.2472;299:11.1338;1038:11.0792
post_fence,v2 outward p=0.85,5,1,347,0.5937871849164367,345,12.440756239668572,12.117425359921812,2486,1172,5.53515262901783,347:12.4408;2044:12.1174
post_fence,v2 outward p=0.85,6,1,386,0.6947424688842148,379,13.002117376004895,11.524723110159881,2470,1129,5.334349917946383,386:13.0021;666:12.7757;917:12.7366;988:12.4352;1202:11.5247
post_fence,v2 outward p=0.85,7,1,337,0.623182357987389,333,14.034305954167111,12.421124438770804,2480,1149,5.3238152279518545,337:14.0343;345:13.4489;1329:13.1705;1432:12.4310;2167:12.4211
post_fence,v2 outward p=0.85,8,1,348,0.6360638709738851,349,12.17623578037455,11.965034137402249,2483,1184,5.546656315913424,348:12.1762;349:12.1723;357:12.0808;1169:11.9675;2345:11.9650
post_fence,v2 outward p=0.85,9,1,200,0.36509583704173565,201,12.296978696025008,11.87047620783918,2485,1157,5.294604495167732,200:12.2970;202:11.8705
post_fence,v2 outward p=0.85,10,1,241,0.4470376030076295,240,11.486159604386572,11.486159604386572,2482,1163,5.426759175024927,241:11.4862
post_fence,v2 outward p=0.85,11,1,162,0.29815298202447593,162,12.80163769970509,11.513367943758812,2483,1158,5.046924468828365,162:12.8016;564:11.6805;2172:11.5134
post_fence,v2 outward p=0.85,12,1,256,0.3125019371509552,254,11.475815058401361,10.824681090100416,2483,1171,4.4483961230143905,256:11.4758;260:10.9365;2344:10.8247
post_fence,v2 outward p=0.85,13,1,140,0.24937979015521705,141,13.081845779588981,11.615998980277638,2482,1188,4.983722100965679,140:13.0818;144:12.7780;146:12.1710;1227:11.9187;1669:11.6525;1882:11.6160
post_fence,v2 outward p=0.85,14,1,287,0.5082588659133762,286,14.287312230074225,12.254998393659896,2483,1187,5.350772507954389,287:14.2873;289:13.9147;1069:13.3245;2365:12.2550
post_fence,v2 outward p=0.85,15,1,413,0.7374236050527543,401,12.686079835952693,11.696209618942717,2472,1164,5.388283476000652,413:12.6861;414:12.3224;2476:11.6962
post_fence,v2 outward p=0.85,16,1,142,0.2512987630907446,142,11.020464014010223,10.848572254714616,2480,1187,5.353450522059575,142:11.0205;144:10.8486
post_fence,v2 outward p=0.85,17,1,184,0.3531281678006053,185,13.6804886162988,12.501045024011471,2480,1139,5.258737572003156,184:13.6805;185:13.5775;192:13.1481;194:12.9502;2071:12.8501;2384:12.7591;2405:12.5010
post_fence,v2 outward p=0.85,18,1,158,0.279741849983111,158,12.54009014385345,11.843586896098948,2484,1163,5.073938588844612,158:12.5401;159:11.8436
post_fence,v2 outward p=0.85,19,1,216,0.361801850842312,217,12.911586736239416,11.822214600261084,2477,1181,5.100318338023499,216:12.9116;217:11.8222
post_fence,v3 source-split p=0.85,0,1,515,0.49081577896140516,496,13.332015008807636,12.649777590853908,2316,1540,3.4063907919917256,515:13.3320;516:12.6498
post_fence,v3 source-split p=0.85,1,1,289,0.541510647861287,289,14.630468107882805,14.01621402438918,2352,1535,4.874657789012417,289:14.6305;409:14.3651;528:14.1998;863:14.0162
post_fence,v3 source-split p=0.85,2,1,159,0.36795715894550085,160,11.311418067559918,11.172936348983994,2308,1517,4.878990836907178,159:11.3114;170:11.1729
post_fence,v3 source-split p=0.85,3,1,332,0.6539284740574658,324,12.083101960565447,10.970430080403489,2306,1536,4.837947144173086,332:12.0831;334:11.7829;335:10.9704
post_fence,v3 source-split p=0.85,4,1,116,0.13950865995138884,116,13.456312285279493,12.066853972729264,2348,1462,2.7535294180270284,116:13.4563;117:12.8540;122:12.3405;1036:12.0925;1414:12.0797;1674:12.0742;2160:12.0669
post_fence,v3 source-split p=0.85,5,1,196,0.23771385103464127,196,12.529767115263946,12.112386702635344,2340,1486,3.097376238089055,196:12.5298;197:12.4479;211:12.3002;449:12.2568;1330:12.1124
post_fence,v3 source-split p=0.85,6,1,323,0.36854700301773846,320,12.441640878456147,12.420186688534681,2365,1483,3.0578632070682943,323:12.4416;2176:12.4202
post_fence,v3 source-split p=0.85,7,1,450,0.4838524528313428,436,12.349119394821512,12.175207074208751,2337,1502,2.9792695369105786,450:12.3491;1062:12.3393;1094:12.2536;1244:12.1995;1398:12.1874;1968:12.1752
post_fence,v3 source-split p=0.85,8,1,318,0.38598285405896604,317,12.196087588801124,11.931253817317913,2367,1540,3.302750139962882,318:12.1961;322:12.0388;633:11.9820;1586:11.9313
post_fence,v3 source-split p=0.85,9,1,474,0.5401316611096263,442,14.209467366532788,12.31532003817819,2317,1447,3.3045594161376357,474:14.2095;476:13.3985;1923:12.7339;2014:12.3153
post_fence,v3 source-split p=0.85,10,1,292,0.35942954709753394,286,12.51287489341926,11.842385785144387,2334,1507,3.2223539729602635,292:12.5129;295:11.8457;2223:11.8439;2270:11.8424
post_fence,v3 source-split p=0.85,11,1,273,0.34396820492111146,271,12.616986575120585,12.43253528526716,2319,1543,3.172169422963634,273:12.6170;575:12.6101;633:12.4977;855:12.4584;868:12.4405;906:12.4325
post_fence,v3 source-split p=0.85,12,1,493,0.7884122610557824,489,12.756904314811862,11.849547538978996,2294,1508,4.17293916689232,493:12.7569;494:12.5569;523:12.2666;1435:12.0530;1682:12.0438;1820:11.8495
post_fence,v3 source-split p=0.85,13,1,247,0.3188373730517924,245,11.215540982799642,11.030056588168032,2316,1576,3.142018896061927,247:11.2155;250:11.1436;473:11.0667;1492:11.0301
post_fence,v3 source-split p=0.85,14,1,414,0.45847776299342513,394,13.883928600934627,13.283251586180041,2293,1529,3.1444550310261548,414:13.8839;459:13.7376;886:13.5093;914:13.3104;1864:13.2833
post_fence,v3 source-split p=0.85,15,1,311,0.3476414477918297,309,12.678931377979884,12.348684086945456,2334,1519,3.2108970468398184,311:12.6789;316:12.3761;746:12.3487
post_fence,v3 source-split p=0.85,16,1,169,0.21816146583296359,169,11.857435230737977,11.34306456544579,2315,1578,3.2056819868739694,169:11.8574;839:11.6780;930:11.4178;1433:11.3955;1622:11.3445;1830:11.3431
post_fence,v3 source-split p=0.85,17,1,482,0.7284950749017298,463,11.314342929174614,10.874205175895733,2271,1405,3.3683138419874012,482:11.3143;483:10.8742
post_fence,v3 source-split p=0.85,18,1,90,0.15563200507313013,91,12.58419735665981,12.019297535200948,2327,1488,3.4128023360390216,90:12.5842;92:12.4391;908:12.2026;1286:12.1887;1454:12.0967;1796:12.0193
post_fence,v3 source-split p=0.85,19,1,103,0.14730404503643513,104,12.61353703050513,11.941860929987211,2327,1487,3.1091733858920634,103:12.6135;104:12.0748;856:11.9419
post_fence,v4 facet p=0.85,0,1,28,0.04862445080652833,29,10.991661709931146,10.923929259777063,2279,2015,5.361900222953409,28:10.9917;1383:10.9589;2489:10.9239
post_fence,v4 facet p=0.85,1,1,30,0.06125520286150277,31,10.929509366560369,10.929509366560369,2316,2017,5.344120281049982,30:10.9295
post_fence,v4 facet p=0.85,2,1,78,0.17717626807279885,79,11.71670769573973,11.020529066525762,2291,2045,5.236151463119313,78:11.7167;291:11.7073;810:11.6538;829:11.5391;867:11.4718;904:11.4190;1454:11.0205
post_fence,v4 facet p=0.85,3,1,72,0.1507337789516896,72,11.283781111171727,11.283781111171727,2248,1978,5.064036210998893,72:11.2838
post_fence,v4 facet p=0.85,4,1,47,0.0643793058115989,48,11.142422334777413,11.142422334777413,2248,1997,3.4851719168946147,47:11.1424
post_fence,v4 facet p=0.85,5,1,61,0.09737700410187244,62,12.126054519078084,11.479550234864057,2311,2033,3.720772305969149,61:12.1261;193:12.0710;196:11.6818;208:11.6662;215:11.4796
post_fence,v4 facet p=0.85,6,1,36,0.04305580211803317,36,10.817324099470204,10.495132753445677,2257,1977,3.937598343938589,36:10.8173;69:10.8139;167:10.4951
post_fence,v4 facet p=0.85,7,1,32,0.06179388309828937,33,10.661741699255165,10.661741699255165,2279,2020,5.444675555918366,32:10.6617
post_fence,v4 facet p=0.85,8,1,43,0.09169691894203424,44,13.31965365913546,11.835399851073019,2323,2032,3.842499533900991,43:13.3197;48:12.8137;73:12.1428;195:12.0431;1469:12.0200;1748:11.8354
post_fence,v4 facet p=0.85,9,1,55,0.08732024417258799,55,13.646944837063005,11.446517582981167,2303,2044,3.6609634910710156,55:13.6469;65:12.5479;158:12.4091;521:12.1291;593:12.0465;813:11.8560;1228:11.7585;1683:11.4465
post_fence,v4 facet p=0.85,10,1,32,0.040528282057493925,33,11.045491477640851,11.045491477640851,2318,2034,4.776807443937287,32:11.0455
post_fence,v4 facet p=0.85,11,1,48,0.10512915207073092,49,11.686336519426273,11.452098125225625,2292,2029,3.435203642118722,48:11.6863;61:11.6146;839:11.5718;1897:11.5431;1953:11.4642;2360:11.4521
post_fence,v4 facet p=0.85,12,1,53,0.11576013290323317,54,12.570808437656803,11.140523920814799,2293,1997,5.25783642497845,53:12.5708;56:11.6834;2007:11.6658;2207:11.6127;2304:11.5176;2408:11.1405
post_fence,v4 facet p=0.85,13,1,54,0.11356798699125648,55,10.691820050148207,10.691820050148207,2265,1998,4.6788858498912305,54:10.6918
post_fence,v4 facet p=0.85,14,1,33,0.0638565809931606,33,11.806931096919378,11.273210757327474,2283,2021,5.456486274953932,33:11.8069;261:11.5248;617:11.4731;809:11.2732
post_fence,v4 facet p=0.85,15,1,39,0.08075247192755342,40,11.699870325641394,11.423062842787203,2283,1975,5.384254667907953,39:11.6999;45:11.6697;933:11.4231
post_fence,v4 facet p=0.85,16,1,43,0.05905470997095108,44,12.507771908105557,11.217335450365134,2290,2035,3.5839311520103365,43:12.5078;59:12.0396;73:11.5298;1139:11.2892;1628:11.2726;1971:11.2306;1971:11.2173
post_fence,v4 facet p=0.85,17,1,29,0.038000518223270774,30,11.570906558148035,11.242027127378064,2316,2029,3.5435363040305674,29:11.5709;655:11.2870;884:11.2498;2399:11.2420
post_fence,v4 facet p=0.85,18,1,39,0.044616533908993006,40,12.200206582064856,11.412158963672889,2293,2040,3.5770715980324894,39:12.2002;150:11.9311;223:11.8961;259:11.6089;401:11.4122
post_fence,v4 facet p=0.85,19,1,48,0.07546457601711154,49,11.873800899524566,11.253728661275732,2252,1993,3.3877790078986436,48:11.8738;2262:11.2537
