map,scheme,runs,success,first_iteration_q1,first_iteration_median,first_iteration_q3,T_first_s_q1,T_first_s_median,T_first_s_q3,N_query_first_q1,N_query_first_median,N_query_first_q3,C_first_q1,C_first_median,C_first_q3,C_final_q1,C_final_median,C_final_q3,N_query_q1,N_query_median,N_query_q3,lp_calls_q1,lp_calls_median,lp_calls_q3,plan_time_s_q1,plan_time_s_median,plan_time_s_q3
random_circles,uniform,6,1.0,194.5,219.5,270.0,0.1450662094866857,0.173648712458089,0.21633533597923815,147.75,155.0,187.75,12.548996370391695,13.945454810775757,14.474486338968747,12.325477476435132,12.781766680705191,13.096909283392334,1869.75,1920.5,1974.25,1654.0,1809.5,1886.25,2.3701389164780267,2.44664061604999,2.492791713681072
random_circles,v4 facet,6,1.0,50.5,65.0,80.25,0.04672314377967268,0.06391175056342036,0.08016937325010076,44.5,61.5,80.0,12.04996911351369,12.747211550297136,13.096930652993906,11.701600767018256,11.936220038202393,12.35122138856318,2142.75,2168.5,2174.0,2839.0,3169.0,3265.0,2.689124104275834,2.7779377105180174,2.801532991405111
random_circles,tube gap,6,1.0,80.0,130.5,151.75,0.03835815115598962,0.06642258050851524,0.07714553322875872,140.25,225.0,275.25,12.563162578541503,13.203631807301484,14.054879620338415,11.67149693163547,11.858109016096982,11.979888145145352,3012.0,3028.0,3038.75,673.0,702.0,740.75,1.08958414074732,1.0973976469831541,1.1039835487608798
random_circles,tube point,6,1.0,149.75,152.5,156.75,0.06515675567789003,0.07218470389489084,0.07821005076402798,271.25,281.5,295.5,13.15406319878257,13.473467597590803,13.831996646376151,11.699581682032228,12.09853406641848,12.284013841275206,3138.5,3147.5,3173.0,729.75,791.5,808.25,0.9845470761647448,0.9994839985156432,1.0257747568539344
random_circles,tube no-exact,6,1.0,80.0,130.5,151.75,0.02891464193817228,0.04840306600090116,0.05860718962503597,140.25,225.0,275.25,12.563162578541503,13.276939573959815,14.09153350366758,11.802493438496123,11.879880639413411,12.15649986932823,3012.0,3028.0,3038.75,0.0,0.0,0.0,0.9416717414860614,0.9484942234121263,0.949597054743208
random_circles,tube extend,6,1.0,47.75,50.5,68.25,0.03396552259800956,0.035228454042226076,0.054120579501613975,106.0,115.5,162.5,12.929192691281285,13.549655103240035,13.972195650450086,11.651352775227416,11.838903686265196,12.098652500347686,4238.25,4244.5,4252.25,1512.25,1530.0,1604.0,1.9644749399158172,1.9768324315082282,1.9824526451993734
single_post,uniform,6,1.0,100.5,107.5,131.75,0.06779321195790544,0.07276388152968138,0.10770985053386539,82.25,87.0,125.5,11.406382506024391,11.848881734377105,11.962693674156853,11.224903567833774,11.827944863734519,11.881154264186572,2136.25,2147.0,2169.0,665.0,721.5,785.5,2.250408115971368,2.2608548649586737,2.274960857932456
single_post,v4 facet,6,1.0,34.0,37.5,41.75,0.025109533569775522,0.030524578993208706,0.0340243419050239,34.75,38.0,42.75,11.823332652788633,12.13601540895377,12.469609352960777,11.343637004518955,11.458924263642118,11.50187880356971,2202.5,2221.5,2236.0,1409.5,1514.5,1541.5,2.2204682415467687,2.257118372945115,2.27954218944069
single_post,tube gap,6,1.0,53.5,65.0,72.75,0.02630095271160826,0.032404240453615785,0.03487974376184866,100.25,125.5,133.5,11.94268541388782,12.819800045092855,13.468388192990748,11.100393438697456,11.305776641875587,11.615291123750563,2881.25,2882.0,2897.75,166.5,210.0,261.0,0.8673941307934001,0.8759008734486997,0.8790040671592578
single_post,tube point,6,1.0,60.0,84.5,103.75,0.030010943475645036,0.03346515656448901,0.043707214354071766,120.0,160.5,207.75,11.520144563516292,12.918524945638577,13.617451366835951,10.911093268297899,11.280526446425661,11.630838199192965,2839.0,2852.0,2857.5,221.0,259.5,296.5,0.7848181817680597,0.7895466935588047,0.7986257340526208
single_post,tube no-exact,6,1.0,53.5,65.0,72.75,0.01839124719845131,0.023501404910348356,0.023851320904213935,100.25,125.5,133.5,11.972634882903868,12.83804213967903,13.497350157807913,11.210614812582556,11.464515405238421,11.628995365180746,2881.25,2882.0,2897.75,0.0,0.0,0.0,0.8221014775917865,0.8241608184762299,0.8284814265789464
single_post,tube extend,6,1.0,32.25,41.5,46.25,0.01861490576993674,0.02035739761777222,0.02555760752875358,65.75,83.5,98.25,12.043341355285524,12.331584009744159,12.348341652067845,11.623431731498613,11.646675581054385,11.748573401491013,3738.75,3755.0,3788.5,294.25,307.0,329.5,1.32927106594434,1.3339133305707946,1.3466435965383425
post_fence,uniform,6,1.0,97.0,113.0,336.75,0.09576693701092154,0.10105046851094812,0.20206432469421998,92.5,100.0,210.25,11.591028922284728,11.949452262933798,13.073851093804567,10.778684050078827,11.161785736143088,12.592982557252718,2035.75,2089.5,2112.5,1048.5,1122.0,1189.5,2.287344176089391,2.3575820630649105,2.380519116530195
post_fence,v4 facet,6,1.0,51.0,57.5,64.0,0.05322105169761926,0.058638958958908916,0.0659941648482345,50.5,58.0,61.0,11.656806671297602,11.895831434376793,12.463372864288056,11.40648972151013,11.460132227604142,11.580939529251848,2208.5,2230.0,2238.75,2620.25,2689.5,2753.5,2.650950883573387,2.667807294987142,2.7004129114793614
post_fence,tube gap,6,1.0,59.5,70.0,85.0,0.04097115126205608,0.043900111108087,0.04538231989135966,120.0,139.0,150.5,11.566631402007724,12.115568156285478,12.42341386121727,10.912498107088236,11.315049149392413,11.730360616650628,2962.25,2965.5,2983.0,472.0,504.0,533.0,1.015763271949254,1.041315205511637,1.0741623875219375
post_fence,tube point,6,1.0,68.75,83.5,125.25,0.042651141120586544,0.050957092083990574,0.06213416077662259,148.75,171.0,242.75,11.372297819482334,11.865807809382492,12.603715800839268,10.91432638231002,11.527270315734839,11.86691023958987,2991.75,3038.0,3042.25,469.5,493.5,511.5,0.9438601295114495,0.9579347789986059,0.9712005341425538
post_fence,tube no-exact,6,1.0,59.5,70.0,85.0,0.029190442233812064,0.03403364249970764,0.03586910123704001,120.0,139.0,150.5,11.650708315873047,12.130842309936877,12.431050938042969,10.981180157918946,11.378789260686952,11.799002181646399,2962.25,2965.5,2983.0,0.0,0.0,0.0,0.9232270707143471,0.9285934680374339,0.958160308888182
post_fence,tube extend,6,1.0,53.75,66.5,101.75,0.0381129416055046,0.05606311303563416,0.09052917524240911,122.75,154.5,242.5,12.022221241646056,12.740908351015456,12.99282704849042,11.280761592441554,11.524252188179002,11.862191114719131,3925.5,3930.5,3973.0,912.25,962.0,1020.75,1.6740950388484634,1.683276346535422,1.712545921385754
