map,variant,seed,success,T_first_s,C_first,C_final,N_query_first,N_query,pair_queries,first_iteration,nodes,region_nodes,region_iterations,region_fallback,rejected_redundant,rejected_no_progress,plan_time_s,history
random_circles,p=0,0,1,0.40168810496106744,14.517144733399615,12.653633330626628,197,1954,125056,283,1963,0,0,0,0,547,5.8147353660315275,283:14.5171;289:14.4054;305:14.3324;415:14.2861;495:14.2404;1237:13.9224;1494:12.9673;1514:12.8542;1518:12.7001;1976:12.6700;2074:12.6682;2497:12.6536
random_circles,p=0,1,1,0.167570766992867,12.030269054933344,12.030269054933344,113,2004,128256,143,2005,0,0,0,0,497,5.485471875173971,143:12.0303
random_circles,p=0,2,1,0.2790015018545091,14.346511155676147,12.909900030783744,147,1981,126784,190,1985,0,0,0,0,520,7.036877823993564,190:14.3465;205:13.6676;208:13.3941;251:13.1528;372:12.9726;528:12.9681;583:12.9099
random_circles,p=0,3,1,0.39358397014439106,15.05503266106194,13.604702365718314,263,1627,104128,480,1628,0,0,0,0,874,4.309488388011232,480:15.0550;1830:14.3308;2064:13.7081;2359:13.6047
random_circles,p=0,4,1,0.1825610650703311,13.544398465871248,13.159245701063439,150,1864,119296,231,1866,0,0,0,0,637,5.032221307978034,231:13.5444;239:13.1691;1014:13.1592
random_circles,p=0,5,1,0.3587578812148422,12.217195671897263,12.216092191704755,160,1887,120768,208,1888,0,0,0,0,614,6.508329821983352,208:12.2172;424:12.2161
random_circles,p=0,6,1,0.29135934612713754,13.54040805380557,12.258529460887754,140,1923,123072,232,1927,0,0,0,0,578,5.92377467895858,232:13.5404;248:12.9519;1983:12.8948;2143:12.7130;2241:12.2585
random_circles,p=0,7,1,0.6840020371600986,15.686848807148266,13.452000449915051,308,1969,126016,424,1975,0,0,0,0,532,5.648628044174984,424:15.6868;430:15.6835;438:15.5660;830:15.5556;1393:14.6826;1413:14.4309;1453:13.8185;1658:13.7028;2133:13.4520
random_circles,p=0,8,1,0.27550323819741607,12.283509569951121,12.283509569951121,156,1946,124544,260,1946,0,0,0,0,555,6.739832042017952,260:12.2835
random_circles,p=0,9,1,0.33788345009088516,14.030047281687239,12.4005113497444,168,1959,125376,205,1964,0,0,0,0,542,6.81299753813073,205:14.0300;217:12.9501;225:12.8822;237:12.8738;285:12.8401;1580:12.5186;1586:12.5125;2069:12.4005
random_circles,p=0,10,1,0.33469611103646457,12.950034758846513,11.914352062058464,150,2001,128064,217,2002,0,0,0,0,500,6.4782564411871135,217:12.9500;225:11.9144
random_circles,p=0,11,1,0.23845478193834424,12.981251632996642,12.547032196245112,124,2064,132096,146,2067,0,0,0,0,437,7.646527126897126,146:12.9813;1165:12.9794;1248:12.6204;1248:12.5470
random_circles,p=0,12,1,0.20571686094626784,12.752739073594396,12.707185812396531,147,1899,121536,203,1900,0,0,0,0,602,6.356777917826548,203:12.7527;222:12.7072
random_circles,p=0,13,1,0.3849267540499568,13.665390392225026,11.876634820716614,189,1818,116352,321,1820,0,0,0,0,683,5.5400000610388815,321:13.6654;330:11.8766
random_circles,p=0,14,1,0.4577893749810755,12.290021754957474,11.739539798809162,215,1912,122368,388,1916,0,0,0,0,589,6.835254843113944,388:12.2900;440:12.1493;477:12.1290;576:11.8300;618:11.7395
random_circles,p=0,15,1,0.2937639891169965,13.040039363372216,12.611814875467417,153,1857,118848,269,1862,0,0,0,0,644,5.018917824840173,269:13.0400;271:12.9627;280:12.9280;283:12.7467;1803:12.7194;1983:12.7042;2265:12.6410;2369:12.6328;2458:12.6118
random_circles,p=0,16,1,0.2398981989827007,13.204441347235539,12.664327064475415,136,1915,122560,172,1921,0,0,0,0,586,5.614877428859472,172:13.2044;188:13.0975;235:12.9707;238:12.8098;374:12.7388;402:12.7042;1199:12.6643
random_circles,p=0,17,1,0.20823007496073842,11.927457777256949,11.439159439914922,118,1996,127744,159,1998,0,0,0,0,505,5.724595883861184,159:11.9275;168:11.6452;1115:11.4392
random_circles,p=0,18,1,0.38277343614026904,13.452262191462028,13.009623011974465,221,1890,120960,373,1895,0,0,0,0,611,6.361454501049593,373:13.4523;377:13.4346;381:13.4251;407:13.3061;424:13.2612;945:13.2548;1235:13.1276;2228:13.0288;2363:13.0096
random_circles,p=0,19,1,0.8802491130772978,13.643220126131899,13.477780763338234,375,1878,120192,567,1881,0,0,0,0,623,6.224627199117094,567:13.6432;584:13.5705;589:13.4778
random_circles,p=0.2,0,1,0.16458893683739007,14.043268043486577,11.90441176271192,132,2110,135040,152,1839,222,497,0,275,391,5.429247257998213,152:14.0433;162:13.7757;298:12.0599;560:12.0292;1785:11.9044
random_circles,p=0.2,1,1,0.1656516909133643,13.442179062869878,12.107533263725088,130,2157,138048,151,1866,195,494,0,297,344,6.39804533100687,151:13.4422;163:13.2892;164:12.9332;177:12.7361;498:12.5677;577:12.4488;1247:12.1075
random_circles,p=0.2,2,1,0.13598100701346993,12.95012203030366,12.613097231423541,107,2167,138688,128,1861,246,556,0,310,334,5.01150757400319,128:12.9501;676:12.7079;683:12.6841;687:12.6500;985:12.6131
random_circles,p=0.2,3,1,0.1917449350003153,12.01985233209204,11.986286217171397,116,2113,135232,137,1799,213,529,0,316,388,5.779934226069599,137:12.0199;147:11.9863
random_circles,p=0.2,4,1,0.12260478199459612,12.047841015709649,11.48468896891938,76,2077,132928,84,1794,201,488,0,286,424,5.996011513052508,84:12.0478;85:11.8204;87:11.4847
random_circles,p=0.2,5,1,0.08604325097985566,11.794302234281094,11.09031054522015,77,2170,138880,76,1875,224,523,0,299,331,4.946116046048701,76:11.7943;89:11.7560;91:11.5295;95:11.0903
random_circles,p=0.2,6,1,0.18112770095467567,12.504990514308147,11.874914883454974,96,2132,136448,108,1842,224,517,0,293,369,5.33218139805831,108:12.5050;140:12.2512;1648:11.9009;1697:11.8749
random_circles,p=0.2,7,1,0.09713527117855847,12.47273434286802,11.911341924169857,84,2153,137792,95,1850,227,533,0,306,348,4.852200456894934,95:12.4727;96:12.2619;100:11.9714;118:11.9113
random_circles,p=0.2,8,1,0.19034033711068332,12.50364006816462,12.50364006816462,106,2120,135680,127,1854,207,474,0,267,381,6.329596703872085,127:12.5036
random_circles,p=0.2,9,1,0.15992420399561524,12.107207751265829,11.58297749954855,92,2155,137920,104,1872,196,485,0,288,346,4.821190380025655,104:12.1072;108:11.8569;143:11.6716;144:11.6388;153:11.5830
random_circles,p=0.2,10,1,0.2011641610879451,13.584026903966151,12.470698520990775,134,2193,140352,160,1894,206,505,0,299,308,6.23756828578189,160:13.5840;211:13.3120;443:13.2635;470:13.0585;487:12.4888;612:12.4707
random_circles,p=0.2,11,1,0.16742363409139216,12.517470608553229,11.974192732542987,112,2219,142016,121,1916,206,516,0,310,282,5.378164460184053,121:12.5175;251:12.3758;492:12.3059;1067:12.2543;1125:12.2543;1125:12.1941;1159:12.0625;1582:12.0358;1598:11.9742
random_circles,p=0.2,12,1,0.2537832020316273,13.257210144871221,12.253428749280749,164,2123,135872,221,1869,213,472,0,259,378,5.745526883052662,221:13.2572;222:12.9562;229:12.8550;712:12.4770;1383:12.4155;1461:12.3993;1891:12.3619;2230:12.2534
random_circles,p=0.2,13,1,0.2696226048283279,12.264858538648939,11.752702176442904,145,2168,138752,160,1880,210,501,0,291,333,7.049514471087605,160:12.2649;167:12.2325;175:12.0483;180:11.8999;2208:11.7527
random_circles,p=0.2,14,1,0.14999576704576612,12.33392914118595,12.034515175505032,95,2078,132992,107,1782,215,513,0,298,423,6.164027532096952,107:12.3339;319:12.0345
random_circles,p=0.2,15,1,0.19483762490563095,11.857314584913894,11.822407193530447,114,2182,139648,147,1876,201,506,0,305,319,6.990966881159693,147:11.8573;2046:11.8224
random_circles,p=0.2,16,1,0.09658008208498359,11.777824860943133,11.76863633665357,79,2084,133376,106,1798,206,495,0,288,417,5.30474444408901,106:11.7778;113:11.7686
random_circles,p=0.2,17,1,0.11508841998875141,12.139392203558822,11.754995285714617,80,2158,138112,79,1845,195,510,0,314,343,6.391892198938876,79:12.1394;99:12.0587;102:11.9201;337:11.7550
random_circles,p=0.2,18,1,0.2520719668827951,12.152283332934227,11.480319736285157,143,2081,133184,207,1826,210,466,0,256,420,6.502007042989135,207:12.1523;564:11.9187;1306:11.5939;2386:11.4803
random_circles,p=0.2,19,1,0.12181819789111614,11.596343581434855,11.487468257161963,75,2148,137472,78,1864,219,507,0,287,353,5.9049634609837085,78:11.5963;101:11.5758;1220:11.5544;1290:11.4875
random_circles,p=0.4,0,1,0.07725814101286232,11.789873681995486,11.416530261417424,54,2291,146624,53,1695,416,1017,0,599,210,6.340563919162378,53:11.7899;74:11.6896;1468:11.4165
random_circles,p=0.4,1,1,0.12572539900429547,13.109571959168694,11.85651538542382,78,2308,147712,79,1756,399,959,0,558,193,6.722508458886296,79:13.1096;80:12.8770;81:12.8570;123:12.8240;133:12.2889;135:12.2031;157:12.0893;194:11.9901;439:11.8565
random_circles,p=0.4,2,1,0.13400065409950912,13.064354249914501,12.026152027525104,80,2327,148928,81,1709,397,1025,0,626,174,6.442757178097963,81:13.0644;84:12.7997;101:12.3969;226:12.3321;249:12.2645;303:12.2196;363:12.2188;368:12.1319;731:12.0262
random_circles,p=0.4,3,1,0.19603392202407122,12.0635564084308,11.957142016875737,113,2292,146688,115,1666,386,1014,0,628,209,5.958316564094275,115:12.0636;138:12.0632;271:11.9571
random_circles,p=0.4,4,1,0.09824646986089647,12.856371983274308,12.320916858035218,56,2270,145280,56,1683,394,984,0,590,231,6.532936956966296,56:12.8564;67:12.5211;70:12.3454;79:12.3209
random_circles,p=0.4,5,1,0.09046827303245664,12.34778866526975,12.197547765501211,55,2251,144064,54,1638,373,989,0,615,250,6.157573658972979,54:12.3478;65:12.2057;524:12.1975
random_circles,p=0.4,6,1,0.14242030796594918,12.162779435891544,12.040154825422258,78,2295,146880,83,1697,379,980,0,601,206,6.551288645947352,83:12.1628;116:12.0599;159:12.0402
random_circles,p=0.4,7,1,0.10703161312267184,12.59513911733806,12.078257718208377,61,2333,149312,60,1707,396,1026,0,630,168,5.728381795110181,60:12.5951;91:12.5881;142:12.1129;1765:12.0783
random_circles,p=0.4,8,1,0.12192143802531064,11.9689550740007,11.745108274721172,99,2269,145216,100,1739,359,894,0,533,232,4.846684953197837,100:11.9690;101:11.7939;1123:11.7451
random_circles,p=0.4,9,1,0.10015992098487914,11.855247732461722,11.689343929115397,91,2273,145472,103,1694,402,986,0,583,228,4.553618801990524,103:11.8552;143:11.7926;648:11.7509;1746:11.6893
random_circles,p=0.4,10,1,0.07584133697673678,12.252034561626026,11.420272482422275,66,2284,146176,66,1672,408,1029,0,617,217,5.322356170974672,66:12.2520;89:12.0754;114:11.6556;117:11.5582;119:11.5103;142:11.4203
random_circles,p=0.4,11,1,0.073527259984985,11.94957485442394,11.94957485442394,63,2267,145088,65,1646,389,1011,0,622,234,4.636474635917693,65:11.9496
random_circles,p=0.4,12,1,0.12729766708798707,12.022141156577856,11.906108327243926,77,2304,147456,79,1702,410,1014,0,604,197,6.382662185933441,79:12.0221;190:11.9104;870:11.9061
random_circles,p=0.4,13,1,0.10419990797527134,12.084753813596928,12.084753813596928,85,2270,145280,87,1675,400,997,0,596,231,4.463534655980766,87:12.0848
random_circles,p=0.4,14,1,0.10796256409958005,11.889641551183653,11.889641551183653,61,2300,147200,62,1675,376,1005,0,626,201,6.491823222022504,62:11.8896
random_circles,p=0.4,15,1,0.17170430906116962,12.327456598438044,12.059496025399689,100,2252,144128,107,1646,355,964,0,608,249,6.0720064719207585,107:12.3275;114:12.1591;2016:12.0595
random_circles,p=0.4,16,1,0.11715937405824661,12.990894315311646,12.03174290233595,90,2303,147392,92,1708,411,1009,0,597,198,4.644697861047462,92:12.9909;109:12.0317
random_circles,p=0.4,17,1,0.14432621793821454,11.756661528811824,11.756661528811824,85,2300,147200,96,1687,384,998,0,614,201,6.326027014059946,96:11.7567
random_circles,p=0.4,18,1,0.1357729248702526,12.432569329365268,12.351273518513526,80,2281,145984,85,1679,390,995,0,604,220,6.215659927111119,85:12.4326;210:12.3513
random_circles,p=0.4,19,1,0.17024354194290936,12.877121227190925,12.219847401571203,130,2317,148288,134,1729,382,976,0,591,184,4.799624632112682,134:12.8771;173:12.7366;234:12.7230;396:12.3900;493:12.2198
random_circles,p=0.6,0,1,0.051217429805547,12.085910258097366,12.059937087668919,37,2406,153984,36,1463,562,1509,0,945,95,5.617567907087505,36:12.0859;43:12.0599
random_circles,p=0.6,1,1,0.11132374498993158,12.643250648679334,12.041748363457023,68,2396,153344,70,1484,554,1474,0,914,105,5.831600280012935,70:12.6433;76:12.0417
random_circles,p=0.6,2,1,0.07619612105190754,11.805786320138393,11.805786320138393,49,2393,153152,54,1442,550,1505,0,952,108,5.445074662100524,54:11.8058
random_circles,p=0.6,3,1,0.08847319893538952,12.108159132756457,11.79244158860457,55,2395,153280,54,1430,557,1527,0,966,106,5.585540344007313,54:12.1082;1093:11.8257;1384:11.7924
random_circles,p=0.6,4,1,0.05058055301196873,11.731408830802497,11.731408830802497,46,2397,153408,46,1489,580,1490,0,909,104,4.432235318003222,46:11.7314
random_circles,p=0.6,5,1,0.0793190049007535,12.685506545815496,12.355128096126064,54,2389,152896,60,1463,557,1492,0,931,112,5.677544738166034,60:12.6855;69:12.6724;83:12.6522;114:12.4492;286:12.3551
random_circles,p=0.6,6,1,0.10364706185646355,12.115750203195802,11.327625248204509,67,2405,153920,75,1501,588,1497,0,906,96,5.874981801025569,75:12.1158;92:11.3276
random_circles,p=0.6,7,1,0.1505811638198793,12.149832941179634,12.10612169852374,93,2402,153728,93,1489,566,1482,0,915,99,5.79431844712235,93:12.1498;98:12.1061
random_circles,p=0.6,8,1,0.10255249892361462,12.258246381514672,12.060061495876155,64,2403,153792,64,1485,566,1489,0,920,98,5.667125233914703,64:12.2582;65:12.1337;194:12.0601
random_circles,p=0.6,9,1,0.11586201493628323,12.8717766951905,11.523694113067563,71,2419,154816,70,1472,562,1517,0,952,82,4.814872236922383,70:12.8718;93:12.4185;140:12.3343;168:12.2841;304:11.7445;442:11.5482;442:11.5237
random_circles,p=0.6,10,1,0.07629846013151109,12.085384531831503,12.085384531831503,54,2444,156416,54,1482,544,1509,0,963,57,4.793362320167944,54:12.0854
random_circles,p=0.6,11,1,0.07492161099798977,12.1713418388858,12.107650618329874,50,2425,155200,49,1482,560,1507,0,945,76,4.848520140862092,49:12.1713;240:12.1077
random_circles,p=0.6,12,1,0.09275582386180758,13.32211862646109,11.982054878753912,86,2390,152960,91,1446,580,1531,0,949,111,4.746988459024578,91:13.3221;100:13.3122;127:13.1966;143:13.1207;151:12.2570;206:12.2038;216:11.9821
random_circles,p=0.6,13,1,0.04446596489287913,11.547931826152276,11.547439836008271,47,2404,153856,46,1469,564,1502,0,937,97,4.177060299087316,46:11.5479;53:11.5474
random_circles,p=0.6,14,1,0.062101372983306646,11.911710838268608,11.755898464357049,58,2399,153536,60,1458,545,1489,0,942,102,4.631992978043854,60:11.9117;104:11.7559
random_circles,p=0.6,15,1,0.05596299306489527,12.717581517661193,11.998588732127823,51,2396,153344,51,1457,511,1455,0,942,105,4.495471209054813,51:12.7176;55:12.3078;56:12.2893;59:11.9986
random_circles,p=0.6,16,1,0.07132984092459083,11.808080521986462,11.441966810169719,47,2410,154240,46,1468,533,1478,0,944,91,5.764167789136991,46:11.8081;92:11.4420
random_circles,p=0.6,17,1,0.09749740804545581,11.470328793659174,11.470328793659174,66,2400,153600,65,1464,563,1506,0,937,101,5.601827505975962,65:11.4703
random_circles,p=0.6,18,1,0.06208404083736241,12.02332207967463,11.719529961783895,43,2386,152704,42,1451,563,1505,0,937,115,5.627952586160973,42:12.0233;57:11.7195
random_circles,p=0.6,19,1,0.086091463919729,12.059230757963004,11.55295125379921,68,2408,154112,68,1471,566,1509,0,941,93,5.31575987697579,68:12.0592;128:11.8413;172:11.8125;228:11.5923;823:11.5530
random_circles,p=0.8,0,1,0.05525395111180842,12.398625282705048,11.762677929324266,46,2467,157888,45,1219,729,1983,0,1250,34,3.800861557945609,45:12.3986;83:11.7627
random_circles,p=0.8,1,1,0.0586087591946125,12.520231176991075,12.261578415338892,42,2478,158592,41,1244,732,1968,0,1234,23,4.965985283954069,41:12.5202;47:12.3570;269:12.2616
random_circles,p=0.8,2,1,0.043647682992741466,11.382905984670355,11.382905984670355,33,2469,158016,32,1203,737,2006,0,1267,32,4.963997147977352,32:11.3829
random_circles,p=0.8,3,1,0.03537204000167549,12.524400834236175,12.20204757784549,23,2466,157824,22,1190,728,2015,0,1277,35,4.927659463137388,22:12.5244;59:12.2020
random_circles,p=0.8,4,1,0.06107705389149487,12.303669716178153,12.154104306037468,52,2481,158784,51,1226,728,1988,0,1258,20,3.9092731550335884,51:12.3037;52:12.2423;109:12.1541
random_circles,p=0.8,5,1,0.07266162498854101,12.43906826983262,12.125522015701376,55,2473,158272,54,1157,701,2020,0,1318,28,3.813736252952367,54:12.4391;59:12.3716;102:12.1589;484:12.1382;1129:12.1255
random_circles,p=0.8,6,1,0.11511059291660786,12.596812844362072,12.491629391765734,71,2474,158336,71,1187,731,2026,0,1289,27,4.90736729092896,71:12.5968;252:12.5791;487:12.4916
random_circles,p=0.8,7,1,0.04060740093700588,12.136295848520634,11.912365977876531,33,2467,157888,32,1238,734,1969,0,1230,34,4.974124503089115,32:12.1363;178:12.0712;279:11.9124
random_circles,p=0.8,8,1,0.03046772093512118,12.41644647460496,11.923406572423731,25,2477,158528,24,1199,756,2041,0,1282,24,3.548910106997937,24:12.4164;30:12.3938;36:12.3723;59:12.0209;824:11.9234
random_circles,p=0.8,9,1,0.09308087010867894,13.093767274192228,11.644505587486835,60,2481,158784,59,1204,743,2024,0,1280,20,5.175454180920497,59:13.0938;66:11.8631;68:11.8091;85:11.6445
random_circles,p=0.8,10,1,0.07484934711828828,12.510354007936634,11.952046930955527,53,2486,159104,52,1228,719,1981,0,1261,15,4.724845407996327,52:12.5104;54:12.0165;58:11.9782;895:11.9520
random_circles,p=0.8,11,1,0.08742439188063145,12.20717215478935,12.123318329150003,55,2479,158656,54,1196,717,2008,0,1284,22,4.7996016861870885,54:12.2072;242:12.1233
random_circles,p=0.8,12,1,0.08128794399090111,12.636728937300576,11.831976322812645,55,2467,157888,56,1199,740,2014,0,1270,34,4.937446316005662,56:12.6367;57:11.8320
random_circles,p=0.8,13,1,0.04973839013837278,12.124976449251486,12.036807270212007,35,2465,157760,34,1184,720,2007,0,1283,36,4.899933708133176,34:12.1250;1305:12.0368
random_circles,p=0.8,14,1,0.07450426905415952,11.913337024530932,11.906515485465704,51,2478,158592,50,1221,724,1985,0,1259,23,3.8552302639000118,50:11.9133;191:11.9065
random_circles,p=0.8,15,1,0.030306966044008732,12.440853288535461,11.721921507351055,31,2469,158016,30,1199,731,2006,0,1272,32,3.4377402840182185,30:12.4409;35:12.1910;115:11.7219
random_circles,p=0.8,16,1,0.05636673793196678,11.866248072787775,11.866248072787775,50,2475,158400,49,1193,720,2006,0,1283,26,3.6872329330071807,49:11.8662
random_circles,p=0.8,17,1,0.0473727451171726,12.92139120192752,12.240105694271008,46,2476,158464,45,1210,738,2010,0,1271,25,3.5757397438865155,45:12.9214;49:12.6675;66:12.4273;501:12.3753;692:12.2852;806:12.2401
random_circles,p=0.8,18,1,0.1439093891531229,12.251304210958562,12.232271330272095,84,2475,158400,86,1209,733,2003,0,1268,26,5.012368588009849,86:12.2513;425:12.2323
random_circles,p=0.8,19,1,0.09520425600931048,12.212224427636848,11.476710278789707,63,2470,158080,62,1180,715,2012,0,1295,31,4.617921811994165,62:12.2122;126:11.8564;551:11.5539;1379:11.5263;1927:11.4767
random_circles,p=1,0,1,0.04952958202920854,11.745633168653454,11.745633168653454,43,2499,159936,42,949,947,2500,0,1551,2,3.2457853090018034,42:11.7456
random_circles,p=1,1,1,0.04978901497088373,12.214029039762579,11.81807532198252,36,2497,159808,35,955,952,2500,0,1543,4,4.150521503994241,35:12.2140;55:11.8181
random_circles,p=1,2,1,0.04802636615931988,11.998658774149536,11.424465385013232,47,2499,159936,46,928,926,2500,0,1572,2,2.9308116110041738,46:11.9987;73:11.4245
random_circles,p=1,3,1,0.08938647108152509,12.174131688765613,11.95828254631179,57,2500,160000,56,945,941,2500,0,1558,1,4.221141417045146,56:12.1741;165:12.0472;186:11.9583
random_circles,p=1,4,1,0.021272393874824047,11.385798769125838,11.035474830423281,19,2499,159936,18,926,923,2500,0,1575,2,3.462750531034544,18:11.3858;25:11.1787;48:11.0355
random_circles,p=1,5,1,0.05857853079214692,12.871774432033021,12.335989973747466,53,2501,160064,52,964,960,2500,0,1539,0,3.8951519709080458,52:12.8718;63:12.8631;85:12.6985;134:12.3360
random_circles,p=1,6,1,0.06996739096939564,12.063007891049152,12.008242425289762,41,2500,160000,40,929,927,2500,0,1572,1,3.3785161720588803,40:12.0630;134:12.0082
random_circles,p=1,7,1,0.05769232497550547,13.167283666905737,11.344609090351812,59,2498,159872,58,939,935,2500,0,1562,3,3.7133849929086864,58:13.1673;60:13.1465;61:12.9618;69:12.5653;69:11.8873;70:11.8788;80:11.3446
random_circles,p=1,8,1,0.03635101392865181,11.058900817628851,11.058900817628851,30,2501,160064,29,929,927,2500,0,1573,0,4.175971943885088,29:11.0589
random_circles,p=1,9,1,0.06305809086188674,11.779322996858047,11.769323793499426,41,2500,160000,40,973,971,2500,0,1528,1,4.421532947104424,40:11.7793;2309:11.7693
random_circles,p=1,10,1,0.033479453064501286,12.162085646927851,12.08932253393225,33,2501,160064,32,912,909,2500,0,1591,0,3.156784346094355,32:12.1621;52:12.0893
random_circles,p=1,11,1,0.07483037607744336,11.645523053406452,11.645523053406452,50,2501,160064,49,948,946,2500,0,1554,0,4.29142625303939,49:11.6455
random_circles,p=1,12,1,0.02232995117083192,12.351949749314432,12.06249465110448,24,2500,160000,23,933,929,2500,0,1570,1,3.0546986327972263,23:12.3519;24:12.3206;114:12.2469;120:12.2118;137:12.0625
random_circles,p=1,13,1,0.051559563959017396,12.60137803607121,12.240214352236698,49,2499,159936,48,921,918,2500,0,1580,2,2.9957970299292356,48:12.6014;56:12.2402
random_circles,p=1,14,1,0.06134869996458292,12.66334035869125,12.310409140397184,43,2499,159936,42,911,909,2500,0,1589,2,4.206595885101706,42:12.6633;45:12.3464;46:12.3104
random_circles,p=1,15,1,0.03416872816160321,12.177047349388632,11.620008839373511,25,2495,159680,24,937,932,2500,0,1562,6,4.215592290041968,24:12.1770;25:12.0772;42:12.0648;51:12.0021;96:11.6200
random_circles,p=1,16,1,0.048064089147374034,12.425138175477347,11.665792578338202,36,2498,159872,35,909,906,2500,0,1591,3,4.0926498840563,35:12.4251;42:12.1687;397:11.6658
random_circles,p=1,17,1,0.052687030052766204,11.520023123979012,11.520023123979012,35,2495,159680,34,946,944,2500,0,1550,6,3.4411367478314787,34:11.5200
random_circles,p=1,18,1,0.13156468095257878,12.719509919146875,11.940547722149384,80,2499,159936,79,901,897,2500,0,1601,2,4.038373182993382,79:12.7195;85:12.3982;99:11.9405
random_circles,p=1,19,1,0.13031436898745596,12.85225791009215,11.956728212098323,87,2500,160000,86,924,920,2500,0,1579,1,4.145845305174589,86:12.8523;87:12.4457;89:12.3647;94:11.9567
random_circles,switch 0.5->0.2,0,1,0.07330825598910451,12.045112494172798,11.577550334457253,48,2145,137280,47,1857,219,510,0,291,356,6.858571244170889,47:12.0451;60:12.0358;69:11.8440;122:11.5776
random_circles,switch 0.5->0.2,1,1,0.10801545297726989,11.757718285762284,11.712054122919302,61,2169,138816,62,1871,218,517,0,299,332,6.820784857030958,62:11.7577;140:11.7487;444:11.7121
random_circles,switch 0.5->0.2,2,1,0.09223796520382166,11.827806319766824,11.796181186651019,85,2163,138432,87,1838,247,574,0,327,338,4.878664541989565,87:11.8278;106:11.7962
random_circles,switch 0.5->0.2,3,1,0.17548800888471305,14.0755522232433,12.068682638509149,104,2145,137280,107,1843,266,575,0,309,356,6.5665445029735565,107:14.0756;120:13.8427;134:13.7214;158:13.6595;182:13.3040;225:12.9595;348:12.6261;368:12.5437;372:12.4017;544:12.3526;849:12.2626;1508:12.1260;1509:12.0687
random_circles,switch 0.5->0.2,4,1,0.10283177299425006,13.314118102968305,12.378079029077796,58,2097,134208,58,1807,211,505,0,293,404,6.574736779090017,58:13.3141;77:13.0995;433:12.3880;586:12.3781
random_circles,switch 0.5->0.2,5,1,0.09911152091808617,12.863811979546481,11.92859018611394,85,2174,139136,93,1857,229,551,0,322,327,4.763400244992226,93:12.8638;413:12.8251;423:12.7647;482:12.5553;482:12.2194;1153:12.1627;1421:11.9286
random_circles,switch 0.5->0.2,6,1,0.11820607096888125,12.774451078750753,12.2778732034716,96,2166,138624,103,1873,245,541,0,295,335,5.555542396148667,103:12.7745;135:12.5414;210:12.3596;1002:12.2779
random_circles,switch 0.5->0.2,7,1,0.07021897309459746,11.299955193289485,11.266028190977474,45,2172,139008,45,1869,243,548,0,305,329,6.774929735111073,45:11.3000;48:11.2660
random_circles,switch 0.5->0.2,8,1,0.06802728911861777,12.162391447429977,11.931569227320932,60,2175,139200,60,1899,214,494,0,280,326,5.421097673941404,60:12.1624;63:12.0532;79:12.0148;1139:11.9316
random_circles,switch 0.5->0.2,9,1,0.08162254793569446,12.341554901646903,11.756197771574357,63,2190,140160,67,1895,215,513,0,298,311,5.301935801981017,67:12.3416;78:12.1236;149:12.0048;154:11.7631;1231:11.7562
random_circles,switch 0.5->0.2,10,1,0.04617809201590717,12.274219192582954,12.13004445071864,48,2128,136192,49,1826,220,523,0,303,373,4.72154156700708,49:12.2742;82:12.1300
random_circles,switch 0.5->0.2,11,1,0.13019795389845967,12.115699230812488,11.30908779747605,116,2197,140608,118,1885,228,543,0,315,304,6.672994039952755,118:12.1157;122:11.7415;201:11.3091
random_circles,switch 0.5->0.2,12,1,0.2118577309884131,13.186901708102917,12.153313411048996,118,2167,138688,129,1901,240,513,0,273,334,6.296626913826913,129:13.1869;150:13.1744;168:12.5466;196:12.4397;217:12.4140;528:12.2381;998:12.1812;1163:12.1533
random_circles,switch 0.5->0.2,13,1,0.08920587599277496,12.418744528900849,11.902307026005563,62,2160,138240,65,1879,240,524,0,284,341,5.9185523320920765,65:12.4187;70:12.1864;216:11.9023
random_circles,switch 0.5->0.2,14,1,0.10048345499671996,11.77024595765611,11.398250544156545,63,2167,138688,62,1871,236,534,0,298,334,6.875428011873737,62:11.7702;63:11.4089;69:11.3983
random_circles,switch 0.5->0.2,15,1,0.09841946605592966,12.817585090571512,12.017450877445262,57,2154,137856,62,1853,231,535,0,304,347,6.6240305218379945,62:12.8176;71:12.5920;79:12.0177;880:12.0175
random_circles,switch 0.5->0.2,16,1,0.10791357001289725,12.614131694893496,11.923619717545215,87,2154,137856,91,1856,222,524,0,302,347,5.253072002902627,91:12.6141;95:12.5384;101:12.2764;121:11.9553;133:11.9236
random_circles,switch 0.5->0.2,17,1,0.07309385598637164,12.480291003568343,12.328110426359919,52,2155,137920,52,1864,232,525,0,293,346,5.5932178718503565,52:12.4803;56:12.3787;1623:12.3281
random_circles,switch 0.5->0.2,18,1,0.11908379592932761,12.370520817563335,11.620986392191563,68,2132,136448,70,1860,214,488,0,274,369,6.91602211794816,70:12.3705;71:11.9563;154:11.6210
random_circles,switch 0.5->0.2,19,1,0.09654527809470892,11.780458936865502,11.780458936865502,61,2130,136320,62,1854,244,521,0,277,371,6.7413431708700955,62:11.7805
random_circles,exp 0.5->0.2,0,1,0.07461029686965048,12.045112494172798,11.544712761191816,48,2174,139136,47,1837,304,643,0,339,327,6.868179081007838,47:12.0451;92:11.5719;135:11.5447
random_circles,exp 0.5->0.2,1,1,0.10913494788110256,12.326798509899312,11.610674672958856,60,2178,139392,62,1836,302,646,0,344,323,6.685875863069668,62:12.3268;179:11.6107
random_circles,exp 0.5->0.2,2,1,0.09204479097388685,12.04352353549518,11.691037596564295,62,2230,142720,61,1858,297,673,0,376,271,6.8926538459490985,61:12.0435;63:12.0200;74:11.9453;87:11.7303;147:11.6910
random_circles,exp 0.5->0.2,3,1,0.1429604641161859,13.767309528511765,11.70249874280822,85,2208,141312,87,1838,316,692,0,376,293,6.933946755016223,87:13.7673;89:13.6106;94:13.4565;176:13.2755;202:11.7619;275:11.7393;311:11.7281;328:11.7025
random_circles,exp 0.5->0.2,4,1,0.11073853890411556,12.462197516142393,11.701981574510691,79,2186,139904,78,1849,271,612,0,340,315,5.0705284748692065,78:12.4622;95:11.8492;109:11.7020
random_circles,exp 0.5->0.2,5,1,0.0818436318077147,12.391353454271936,12.066935960764592,74,2212,141568,80,1825,290,681,0,390,289,4.7702784209977835,80:12.3914;97:12.1777;110:12.0669
random_circles,exp 0.5->0.2,6,1,0.13549813185818493,12.042155047558262,11.599129700248286,78,2186,139904,82,1840,318,667,0,349,315,6.922451575053856,82:12.0422;85:11.9519;92:11.9513;106:11.5991
random_circles,exp 0.5->0.2,7,1,0.06537522887811065,13.498024975446567,11.856434991518928,54,2165,138560,53,1793,314,690,0,376,336,4.924303533043712,53:13.4980;92:12.8223;121:11.9417;130:11.8844;162:11.8564
random_circles,exp 0.5->0.2,8,1,0.10150510701350868,11.35204208040874,11.35204208040874,64,2197,140608,64,1878,299,619,0,320,304,7.200970419915393,64:11.3520
random_circles,exp 0.5->0.2,9,1,0.07939725322648883,12.05015355875697,11.831871817828763,69,2224,142336,73,1860,287,655,0,367,277,5.182743947021663,73:12.0502;109:12.0239;682:11.8319
random_circles,exp 0.5->0.2,10,1,0.1205616039223969,11.94597830889569,11.71233130015985,68,2208,141312,68,1838,296,669,0,373,293,6.984163444023579,68:11.9460;87:11.9441;91:11.7702;96:11.7123
random_circles,exp 0.5->0.2,11,1,0.1301190669182688,11.769401333766632,11.769401333766632,109,2209,141376,112,1833,289,666,0,377,292,4.904072744073346,112:11.7694
random_circles,exp 0.5->0.2,12,1,0.10085878893733025,13.031900009221962,11.820159431891753,81,2192,140288,87,1848,290,637,0,347,309,6.558630819898099,87:13.0319;102:12.8962;237:11.8202
random_circles,exp 0.5->0.2,13,1,0.08238556701689959,12.291422339565173,12.190395875040558,49,2212,141568,48,1854,304,663,0,359,289,6.857513132039458,48:12.2914;55:12.1925;68:12.1904
random_circles,exp 0.5->0.2,14,1,0.0753657789900899,13.481226705762007,11.272303628752223,63,2127,136128,62,1764,297,664,0,367,374,4.680725014070049,62:13.4812;78:13.4241;94:13.1823;115:12.9450;138:12.8566;146:12.7572;170:11.3408;1482:11.2723
random_circles,exp 0.5->0.2,15,1,0.09912789915688336,12.817585090571512,12.12336552235877,57,2231,142784,62,1861,285,656,0,371,270,6.701893663965166,62:12.8176;83:12.1446;1192:12.1234
random_circles,exp 0.5->0.2,16,1,0.10123229795135558,12.10403662320629,11.72382034891642,90,2177,139328,93,1851,304,633,0,328,324,4.91230516997166,93:12.1040;180:11.7238
random_circles,exp 0.5->0.2,17,1,0.13242585700936615,12.422612265209857,12.259262636227234,86,2195,140480,87,1848,304,653,0,349,306,6.681184265995398,87:12.4226;108:12.2593
random_circles,exp 0.5->0.2,18,1,0.08856441802345216,12.370520817563335,11.737786466573816,68,2129,136256,70,1803,276,603,0,327,372,5.3973680841736495,70:12.3705;71:11.9563;331:11.7378
random_circles,exp 0.5->0.2,19,1,0.12790602399036288,13.083744843846663,12.259638166766198,82,2179,139456,81,1832,285,638,0,353,322,6.602575138909742,81:13.0837;91:12.6201;97:12.5498;115:12.4059;976:12.2983;1674:12.2729;1674:12.2596
single_post,p=0,0,1,0.12062491988763213,11.77580750146002,11.77580750146002,81,2151,43020,100,2152,0,0,0,0,350,5.9417645579669625,100:11.7758
single_post,p=0,1,1,0.10980015899986029,11.97627290977774,11.881511610245756,86,2143,42860,113,2146,0,0,0,0,358,5.990506096975878,113:11.9763;114:11.8990;129:11.8815
single_post,p=0,2,1,0.11531835980713367,11.283240840879184,10.978108230579966,75,2134,42680,80,2138,0,0,0,0,367,6.1351764388382435,80:11.2832;834:11.2054;1466:11.0216;2042:10.9938;2080:10.9781
single_post,p=0,3,1,0.25220454204827547,11.921955967294231,11.880082226009058,149,2101,42020,198,2103,0,0,0,0,400,5.957830932922661,198:11.9220;247:11.8801
single_post,p=0,4,1,0.21294002095237374,11.254983377518498,11.041268923291653,138,2175,43500,138,2177,0,0,0,0,326,6.156217498937622,138:11.2550;166:11.0413
single_post,p=0,5,1,0.08583362703211606,12.032416665693177,12.032416665693177,88,2179,43580,102,2180,0,0,0,0,322,4.71178019605577,102:12.0324
single_post,p=0,6,1,0.17430984508246183,11.941169420780113,11.482741217286119,108,2166,43320,144,2170,0,0,0,0,335,6.327243312960491,144:11.9412;153:11.8726;154:11.7094;165:11.5729;1293:11.4894;1733:11.4827
single_post,p=0,7,1,0.07898343098349869,11.007938241042638,10.739286735058364,78,2191,43820,77,2195,0,0,0,0,310,4.462742485105991,77:11.0079;82:10.9702;93:10.7527;1317:10.7432;1453:10.7393
single_post,p=0,8,1,0.13615955715067685,11.1629545415318,11.1629545415318,103,2177,43540,123,2178,0,0,0,0,324,6.089618205791339,123:11.1630
single_post,p=0,9,1,0.13804706907831132,11.939651011865578,11.610266840139802,75,2176,43520,93,2179,0,0,0,0,325,6.320287975016981,93:11.9397;95:11.8292;107:11.6103
single_post,p=0,10,1,0.08338839886710048,12.246131844694192,12.22984310615315,92,2185,43700,91,2187,0,0,0,0,316,4.6450389181263745,91:12.2461;208:12.2298
single_post,p=0,11,1,0.08294502180069685,12.09334593445695,11.389835527573158,83,2190,43800,99,2195,0,0,0,0,311,4.600850606104359,99:12.0933;110:11.8829;113:11.7126;118:11.4871;1461:11.4054;2201:11.3898
single_post,p=0,12,1,0.10825936309993267,11.956650704121637,11.653419048874216,105,2132,42640,119,2136,0,0,0,0,369,4.546110047958791,119:11.9567;120:11.7199;222:11.7156;2169:11.6534
single_post,p=0,13,1,0.14733781502582133,11.361838441004892,11.29869657398219,114,2156,43120,126,2158,0,0,0,0,345,4.725832080934197,126:11.3618;168:11.2987
single_post,p=0,14,1,0.10668260417878628,12.286017457456879,11.44290291447728,98,2165,43300,103,2171,0,0,0,0,336,4.725136337103322,103:12.2860;110:12.2238;111:11.7525;1525:11.7366;1865:11.6534;2309:11.6416;2406:11.4429
single_post,p=0,15,1,0.1262391780037433,12.55319098168601,11.705024145366167,69,2150,43000,76,2152,0,0,0,0,351,6.421270021004602,76:12.5532;915:11.9427;1974:11.7050
single_post,p=0,16,1,0.20169077115133405,13.232416034868583,12.351061192837555,132,2119,42380,172,2123,0,0,0,0,382,6.038886426948011,172:13.2324;331:12.9570;402:12.8814;758:12.8176;1199:12.6712;1587:12.3511
single_post,p=0,17,1,0.15818862104788423,11.793018968011612,11.165836256200544,91,2135,42700,97,2138,0,0,0,0,366,6.152083991095424,97:11.7930;98:11.2977;1104:11.1658
single_post,p=0,18,1,0.09702257602475584,11.001424258455069,10.872309392147459,72,2126,42520,90,2127,0,0,0,0,375,4.893981410888955,90:11.0014;111:10.8924;1519:10.8723
single_post,p=0,19,1,0.17356546083465219,11.593307601159372,11.35098816290888,114,2129,42580,125,2132,0,0,0,0,372,6.118153075920418,125:11.5933;147:11.4521;881:11.3510
single_post,p=0.2,0,1,0.07362045021727681,13.539346651295675,11.722126970858517,55,2233,44660,59,1910,166,497,0,331,268,5.622914681909606,59:13.5393;60:13.5338;61:13.2932;68:13.0865;77:12.9844;96:12.6091;497:12.5372;627:12.3940;682:12.0297;939:11.9761;1548:11.9054;2352:11.7221
single_post,p=0.2,1,1,0.18135626101866364,12.120503075565214,12.101407620905466,107,2273,45460,109,1937,156,494,0,338,228,5.52922252099961,109:12.1205;2024:12.1014
single_post,p=0.2,2,1,0.06619335198774934,12.649137260354195,11.29543885637623,63,2293,45860,64,1917,174,556,0,382,208,4.0886814701370895,64:12.6491;65:11.9291;81:11.8993;403:11.8553;579:11.5703;871:11.4455;949:11.4366;1180:11.2954
single_post,p=0.2,3,1,0.08434659405611455,11.333255106730578,10.835042721644099,69,2246,44920,69,1897,174,529,0,355,255,4.075656660832465,69:11.3333;109:11.2851;114:11.1650;124:10.9319;137:10.8556;316:10.8350
single_post,p=0.2,4,1,0.12188368593342602,12.522273237151035,11.921500876165693,74,2259,45180,74,1939,163,488,0,325,242,5.4183213140349835,74:12.5223;85:12.4422;87:12.2474;92:11.9981;132:11.9215
single_post,p=0.2,5,1,0.10258988500572741,12.402914742477806,11.359526607588247,77,2289,45780,76,1935,164,523,0,359,212,5.0782627100124955,76:12.4029;89:12.2327;91:11.8840;100:11.8346;114:11.7647;162:11.3595
single_post,p=0.2,6,1,0.1574314208701253,12.182910578460138,11.726924502111379,103,2269,45380,108,1908,153,517,0,364,232,5.432844608090818,108:12.1829;120:11.7618;140:11.7269
single_post,p=0.2,7,1,0.09562213788740337,11.641203270974987,11.499652252079166,79,2250,45000,90,1875,156,533,0,377,251,5.19740127120167,90:11.6412;91:11.5468;127:11.4997
single_post,p=0.2,8,1,0.07324535585939884,11.159930079505608,10.701317150653443,61,2277,45540,62,1956,146,474,0,328,224,4.40185666596517,62:11.1599;67:11.0116;69:10.9253;88:10.8284;89:10.7643;264:10.7332;1104:10.7013
single_post,p=0.2,9,1,0.11097829882055521,12.500167199278991,11.884490882942268,79,2277,45540,87,1955,160,485,0,325,224,4.634969625156373,87:12.5002;89:12.2115;100:11.8845
single_post,p=0.2,10,1,0.07700793095864356,12.050990633866732,11.476849981212084,53,2301,46020,54,1962,161,505,0,344,200,5.807158705079928,54:12.0510;84:11.8014;85:11.6458;98:11.5864;1423:11.5045;1425:11.4768
single_post,p=0.2,11,1,0.07858738396316767,12.131835909926563,11.370896116954789,57,2298,45960,56,1957,172,516,0,344,203,5.722252074861899,56:12.1318;62:11.4372;73:11.3709
single_post,p=0.2,12,1,0.1398894728627056,12.66662851498369,12.143596145792563,94,2274,45480,96,1966,160,472,0,312,227,5.5906363560352474,96:12.6666;107:12.6660;131:12.5555;138:12.4994;611:12.3687;671:12.2665;2362:12.1436
single_post,p=0.2,13,1,0.10054842405952513,12.013312800786784,11.343280213034001,74,2280,45600,82,1940,157,501,0,344,221,5.671535493107513,82:12.0133;139:11.8979;149:11.6523;317:11.6337;2102:11.3433
single_post,p=0.2,14,1,0.05496039101853967,11.465915156050844,10.956469165520184,57,2267,45340,56,1932,175,513,0,338,234,5.012209333945066,56:11.4659;58:11.2265;60:10.9565
single_post,p=0.2,15,1,0.1043046060949564,10.369447874099034,10.200872955919332,73,2308,46160,73,1964,159,506,0,347,193,4.490537123987451,73:10.3694;122:10.3632;1863:10.2009
single_post,p=0.2,16,1,0.06178163201548159,12.619282356774029,11.648220507536179,46,2266,45320,45,1927,153,495,0,342,235,5.71229265909642,45:12.6193;46:11.9257;50:11.6482
single_post,p=0.2,17,1,0.07187183015048504,12.111043767224462,11.578340051936156,76,2264,45280,79,1930,170,510,0,339,237,4.224754689959809,79:12.1110;99:11.9651;102:11.6832;234:11.6072;978:11.5783
single_post,p=0.2,18,1,0.08302357792854309,12.471239784332203,12.05514502887435,70,2231,44620,79,1929,160,466,0,306,270,4.327846345957369,79:12.4712;82:12.2562;113:12.0613;1656:12.0551
single_post,p=0.2,19,1,0.12228745082393289,11.943240324034825,11.759096006234273,101,2233,44660,103,1895,166,507,0,340,268,3.9377605251502246,103:11.9432;120:11.7591
single_post,p=0.4,0,1,0.041155948070809245,12.735866431150665,11.999123975486826,43,2348,46960,43,1608,273,1017,0,744,153,3.4051980029325932,43:12.7359;44:12.6674;308:12.4733;420:12.4602;474:12.3592;1217:11.9991
single_post,p=0.4,1,1,0.04900342598557472,12.887006555572095,10.943496154569232,50,2357,47140,50,1674,272,959,0,686,144,3.539227570872754,50:12.8870;52:12.6369;101:11.0991;127:10.9435
single_post,p=0.4,2,1,0.09027291997335851,12.010985077313077,11.975985373215048,65,2362,47240,66,1619,279,1025,0,745,139,4.728946790797636,66:12.0110;175:12.0099;2496:11.9760
single_post,p=0.4,3,1,0.0321435269434005,11.233482767939714,11.233482767939714,31,2346,46920,30,1615,281,1014,0,732,155,4.827471459051594,30:11.2335
single_post,p=0.4,4,1,0.07904406310990453,13.830701772524217,12.3972791622956,54,2350,47000,53,1648,279,984,0,705,151,4.814474320970476,53:13.8307;55:12.7951;57:12.4743;162:12.4565;1148:12.3973
single_post,p=0.4,5,1,0.06910124607384205,12.170395023782403,11.698871368339569,45,2348,46960,44,1635,272,989,0,716,153,4.862541679060087,44:12.1704;48:12.1078;54:11.9006;98:11.6989
single_post,p=0.4,6,1,0.12218192405998707,12.338837869456638,11.574738354936803,81,2382,47640,80,1682,276,980,0,704,119,4.996426183031872,80:12.3388;83:12.3237;118:12.0594;139:11.5747
single_post,p=0.4,7,1,0.0909702021162957,11.858891686254395,11.823130856871675,64,2362,47240,63,1614,277,1026,0,749,139,4.610913153970614,63:11.8589;85:11.8231
single_post,p=0.4,8,1,0.04301886120811105,11.989390796717926,11.727550306417248,40,2358,47160,39,1699,232,894,0,662,143,4.636972847161815,39:11.9894;53:11.9369;65:11.8371;745:11.8159;1224:11.7796;2437:11.7276
single_post,p=0.4,9,1,0.051622187020257115,12.96699001608743,11.508356969244335,58,2378,47560,60,1660,266,986,0,720,123,3.7392112999223173,60:12.9670;88:11.8833;608:11.6859;844:11.5084
single_post,p=0.4,10,1,0.07846111408434808,11.584120372897141,11.1794124230858,59,2370,47400,58,1657,313,1029,0,716,131,4.749020996969193,58:11.5841;85:11.5440;117:11.4530;124:11.1794
single_post,p=0.4,11,1,0.14987008296884596,11.19552227284483,11.163694223016842,100,2356,47120,106,1652,303,1011,0,706,145,4.711739115184173,106:11.1955;159:11.1637
single_post,p=0.4,12,1,0.06741219898685813,11.591197043514494,11.591197043514494,53,2361,47220,52,1632,284,1014,0,730,140,4.645900356117636,52:11.5912
single_post,p=0.4,13,1,0.0831071250140667,12.489477747834691,11.669058373285653,89,2347,46940,91,1619,267,997,0,730,154,3.3222975640092045,91:12.4895;99:11.7715;492:11.6691
single_post,p=0.4,14,1,0.03154862788505852,11.627114651802726,11.166494270385204,35,2377,47540,34,1650,275,1005,0,730,124,3.6635940549895167,34:11.6271;35:11.4498;1028:11.2775;1140:11.1665
single_post,p=0.4,15,1,0.0856842128559947,13.249889032426218,12.042165285521033,85,2347,46940,94,1637,248,964,0,715,154,3.5847005560062826,94:13.2499;106:12.9888;122:12.8294;128:12.4403;142:12.1563;1093:12.0422
single_post,p=0.4,16,1,0.045597688062116504,12.355682737519675,12.060226900144587,41,2378,47560,40,1636,264,1009,0,745,123,4.4700448990333825,40:12.3557;1808:12.2583;2460:12.0602
single_post,p=0.4,17,1,0.11480375216342509,12.465260932231269,11.540560951099913,80,2363,47260,80,1653,284,998,0,714,138,4.916459239087999,80:12.4653;104:12.3804;105:11.7786;2060:11.7617;2204:11.5406
single_post,p=0.4,18,1,0.06651745294220746,12.454230727973162,11.977458693894999,56,2364,47280,55,1649,278,995,0,717,137,4.642524160910398,55:12.4542;78:11.9775
single_post,p=0.4,19,1,0.1079311678186059,13.028343842250433,12.323991321131812,78,2350,47000,84,1650,271,976,0,704,151,4.683441756060347,84:13.0283;85:12.8341;111:12.7696;114:12.5922;122:12.3633;146:12.3240
single_post,p=0.6,0,1,0.11239721695892513,13.454637387758911,11.420798004926342,73,2429,48580,72,1316,394,1509,0,1115,72,4.026487140916288,72:13.4546;77:11.4208
single_post,p=0.6,1,1,0.05968743795529008,11.687983787690879,11.441834198882702,53,2422,48440,52,1348,396,1474,0,1077,79,3.3496844368055463,52:11.6880;55:11.5149;232:11.4418
single_post,p=0.6,2,1,0.04442088189534843,11.762940376493873,11.360352250877696,39,2422,48440,38,1306,381,1505,0,1120,79,2.8297101340722293,38:11.7629;64:11.7378;71:11.6439;81:11.5029;1721:11.3604
single_post,p=0.6,3,1,0.020460742060095072,12.20009358380301,11.589606324397979,24,2422,48440,23,1279,377,1527,0,1148,79,2.845120889833197,23:12.2001;32:12.1495;33:11.9495;139:11.8368;156:11.7879;161:11.6188;735:11.5904;1107:11.5896
single_post,p=0.6,4,1,0.06641350104473531,12.239157365268454,11.812991329489545,67,2417,48340,66,1291,362,1490,0,1128,84,2.937923985067755,66:12.2392;69:11.9437;79:11.8162;1343:11.8130
single_post,p=0.6,5,1,0.04249715502373874,11.879976399991747,11.35040918572237,32,2419,48380,31,1330,399,1492,0,1091,82,4.128458342980593,31:11.8800;33:11.6992;56:11.4643;2025:11.3504
single_post,p=0.6,6,1,0.04521726397797465,12.702873403477843,11.427197578008554,52,2430,48600,54,1324,381,1497,0,1114,71,2.9319328579586,54:12.7029;79:12.3741;86:11.8804;114:11.8117;468:11.6762;497:11.6060;1704:11.5598;2102:11.4272
single_post,p=0.6,7,1,0.04916689591482282,11.860651235776958,11.539604288250127,52,2424,48480,51,1309,364,1482,0,1117,77,3.2160989809781313,51:11.8607;110:11.5396
single_post,p=0.6,8,1,0.11207843292504549,12.536290507448497,11.810529990806014,78,2430,48600,77,1341,394,1489,0,1094,71,3.275156289804727,77:12.5363;82:12.2644;90:12.2189;119:12.2058;129:12.0307;138:11.8105
single_post,p=0.6,9,1,0.039465947076678276,12.42888726631368,11.899828754950834,30,2445,48900,29,1310,377,1517,0,1140,56,4.094951624050736,29:12.4289;53:12.1215;204:12.0210;277:12.0005;431:11.9714;1635:11.8998
single_post,p=0.6,10,1,0.06702389614656568,11.792839730933558,11.792839730933558,49,2451,49020,48,1365,418,1509,0,1087,50,4.293143811868504,48:11.7928
single_post,p=0.6,11,1,0.049560348968952894,11.944427439214083,11.548304806061275,40,2438,48760,39,1327,391,1507,0,1113,63,4.157601309008896,39:11.9444;222:11.7006;298:11.5483
single_post,p=0.6,12,1,0.05467821494676173,12.467519639650943,11.629849001834266,43,2423,48460,42,1285,386,1531,0,1142,78,2.953588010976091,42:12.4675;53:11.8637;113:11.8376;1043:11.6298
single_post,p=0.6,13,1,0.08185023884288967,12.722576847447785,11.798943512710041,68,2418,48360,68,1331,412,1502,0,1089,83,3.84894248098135,68:12.7226;188:12.3898;217:12.1328;228:11.9964;729:11.7989
single_post,p=0.6,14,1,0.1056933079380542,12.744383504360824,11.5075801772659,74,2419,48380,73,1320,381,1489,0,1106,82,3.896875317906961,73:12.7444;83:12.2870;129:12.2201;142:12.1527;395:12.0833;434:12.0649;1017:11.9939;1204:11.9405;1339:11.6642;1339:11.5076
single_post,p=0.6,15,1,0.04407045408152044,12.324504862009693,11.673268059462034,48,2422,48440,47,1377,404,1455,0,1048,79,3.0754680479876697,47:12.3245;67:12.2485;68:12.0501;1521:11.9327;1549:11.7491;1969:11.6733
single_post,p=0.6,16,1,0.042783830780535936,11.194127449982604,11.194127449982604,48,2433,48660,48,1333,377,1478,0,1101,68,3.679588720900938,48:11.1941
single_post,p=0.6,17,1,0.10665080090984702,13.471805156230584,11.402987846888264,69,2430,48600,69,1317,389,1506,0,1116,71,3.100414954824373,69:13.4718;85:13.2074;95:12.2703;135:11.4323;1928:11.4030
single_post,p=0.6,18,1,0.05501237395219505,11.524214150541512,11.369679711243439,50,2446,48920,49,1323,378,1505,0,1125,55,3.924332874128595,49:11.5242;126:11.3697
single_post,p=0.6,19,1,0.10976707097142935,12.418577294553206,11.870103680141073,76,2427,48540,78,1319,392,1509,0,1111,74,3.924022031016648,78:12.4186;92:12.1740;102:12.0132;385:11.8701
single_post,p=0.8,0,1,0.07616559299640357,12.90658077721272,11.47913613956235,54,2474,49480,53,1000,502,1983,0,1477,27,3.3503030850552022,53:12.9066;55:12.7295;72:12.3438;254:11.4791
single_post,p=0.8,1,1,0.043892333982512355,12.734099218966193,11.660496562565328,43,2478,49560,42,1021,498,1968,0,1462,23,2.5993718749377877,42:12.7341;69:12.2184;72:12.1815;73:12.0925;74:12.0007;85:11.9517;99:11.9199;810:11.6605
single_post,p=0.8,2,1,0.03385013877414167,12.497877440334202,11.407406712546969,34,2466,49320,33,980,506,2006,0,1492,35,3.422826181864366,33:12.4979;57:12.1667;75:12.1188;90:11.6466;154:11.6237;229:11.6235;277:11.6023;803:11.4074
single_post,p=0.8,3,1,0.01576485182158649,12.604006719011988,11.907187093361145,20,2474,49480,19,963,494,2015,0,1516,27,2.636999755864963,19:12.6040;20:12.3086;61:11.9986;693:11.9310;1141:11.9286;1465:11.9072
single_post,p=0.8,4,1,0.03055621194653213,11.407011347029622,11.407011347029622,37,2474,49480,36,1017,523,1988,0,1458,27,2.455923802917823,36:11.4070
single_post,p=0.8,5,1,0.03213907405734062,11.98091331663339,11.84963164077226,25,2482,49640,24,968,502,2020,0,1516,19,3.3769354650285095,24:11.9809;32:11.9774;432:11.9251;556:11.8496
single_post,p=0.8,6,1,0.05611819005571306,13.02605125402987,11.429411120659228,46,2472,49440,46,965,504,2026,0,1512,29,3.3086267290636897,46:13.0261;48:11.9059;59:11.8433;60:11.7387;82:11.4294
single_post,p=0.8,7,1,0.06094131199643016,12.63104682001824,11.696010396705901,46,2461,49220,45,1012,510,1969,0,1452,40,3.334771658992395,45:12.6310;48:12.0040;64:11.6960
single_post,p=0.8,8,1,0.047920549986884,13.330674182103527,11.162414482694242,38,2469,49380,37,957,510,2041,0,1514,32,3.3929272489622235,37:13.3307;46:11.1624
single_post,p=0.8,9,1,0.04521360690705478,11.947534340204538,11.357223543618678,35,2482,49640,34,970,506,2024,0,1515,19,3.385105157038197,34:11.9475;51:11.4600;128:11.3572
single_post,p=0.8,10,1,0.0681060601491481,12.515763498567395,11.535962062837928,76,2477,49540,75,1002,491,1981,0,1482,24,2.408095410792157,75:12.5158;85:12.2995;88:11.9783;89:11.9379;486:11.8942;673:11.7712;749:11.7555;1305:11.5360
single_post,p=0.8,11,1,0.051846079993993044,11.399267496492367,11.061000556131951,44,2482,49640,43,982,504,2008,0,1503,19,3.2688327950891107,43:11.3993;49:11.3311;50:11.0610
single_post,p=0.8,12,1,0.031946972012519836,11.6169976771726,11.063351079163535,36,2479,49580,35,994,521,2014,0,1488,22,2.5971733771730214,35:11.6170;56:11.5540;172:11.0634
single_post,p=0.8,13,1,0.031099783955141902,12.534180900393384,11.770275656023125,34,2463,49260,33,970,502,2007,0,1497,38,2.345803684089333,33:12.5342;35:12.3028;56:12.2486;90:11.9184;1203:11.7703
single_post,p=0.8,14,1,0.04866131511516869,13.130090194514322,11.511248337819977,51,2473,49460,50,1028,528,1985,0,1449,28,2.585485399933532,50:13.1301;53:11.9489;61:11.9435;206:11.5112
single_post,p=0.8,15,1,0.025376053992658854,12.120708646765571,11.282959087520329,30,2470,49400,29,982,506,2006,0,1493,31,2.525407137814909,29:12.1207;33:11.9128;35:11.8493;62:11.7280;81:11.5325;751:11.3096;1931:11.2830
single_post,p=0.8,16,1,0.05065650003962219,12.029185355002047,11.410474117799307,51,2480,49600,50,983,502,2006,0,1500,21,2.644397606840357,50:12.0292;54:11.8282;82:11.4105
single_post,p=0.8,17,1,0.029824462020769715,11.92298151679679,11.471195759445937,33,2472,49440,32,951,478,2010,0,1524,29,2.4277153748553246,32:11.9230;35:11.5463;108:11.4712
single_post,p=0.8,18,1,0.030708028003573418,12.852171469283233,12.014923091502832,39,2476,49520,38,991,510,2003,0,1489,25,2.344955613138154,38:12.8522;44:12.7152;69:12.2396;269:12.0149
single_post,p=0.8,19,1,0.07258315081708133,12.454656474478105,11.446508475213703,60,2472,49440,59,967,494,2012,0,1511,29,3.1771832848899066,59:12.4547;65:12.2587;82:12.2246;94:11.5982;2278:11.4821;2300:11.4465
single_post,p=1,0,1,0.040589170064777136,13.525907340531266,12.077867057923559,35,2490,49800,34,634,630,2500,0,1859,11,2.7608559250365943,34:13.5259;43:12.1928;62:12.0779
single_post,p=1,1,1,0.036995393922552466,12.28275321096954,11.787196645490003,27,2480,49600,26,644,641,2500,0,1838,21,2.8142137778922915,26:12.2828;172:11.8857;508:11.7872
single_post,p=1,2,1,0.04007162107154727,12.608055798287904,11.522464892924619,34,2475,49500,33,645,642,2500,0,1832,26,2.6877699580509216,33:12.6081;38:12.4249;59:11.5225
single_post,p=1,3,1,0.053230149904266,12.308018345697493,12.08976333861103,42,2490,49800,41,670,666,2500,0,1823,11,2.748523185029626,41:12.3080;70:12.2516;83:12.2469;88:12.0898
single_post,p=1,4,1,0.02661541081033647,11.87429635226487,11.041533159726132,23,2488,49760,22,628,625,2500,0,1862,13,2.7349232649430633,22:11.8743;29:11.0415
single_post,p=1,5,1,0.0509630620945245,12.270910808553761,11.800727801563356,39,2485,49700,38,656,653,2500,0,1831,16,2.9711128340568393,38:12.2709;42:11.8007
single_post,p=1,6,1,0.028408781858161092,12.292911502059,11.836544279028399,26,2487,49740,25,641,638,2500,0,1848,14,2.763254737947136,25:12.2929;28:12.2803;48:11.8365
single_post,p=1,7,1,0.07491371803916991,13.32004597516767,12.16554179897215,55,2485,49700,54,628,625,2500,0,1859,16,2.654820403084159,54:13.3200;64:12.1655
single_post,p=1,8,1,0.07862410903908312,12.613314674532424,11.385758288614202,60,2485,49700,59,648,645,2500,0,1839,16,2.6979126210790128,59:12.6133;71:11.3858
single_post,p=1,9,1,0.044831816805526614,13.455855683371173,11.589160334242466,43,2482,49640,42,662,659,2500,0,1822,19,2.042901241919026,42:13.4559;61:12.5499;62:11.7191;65:11.5892
single_post,p=1,10,1,0.02327510598115623,13.260746383489032,12.156185677137456,18,2482,49640,17,656,652,2500,0,1829,19,2.8768755549099296,17:13.2607;24:13.1239;33:12.8553;34:12.2582;90:12.1692;1998:12.1562
single_post,p=1,11,1,0.04007245600223541,10.73986707073521,10.73986707073521,34,2478,49560,33,647,645,2500,0,1832,23,2.7499084470327944,33:10.7399
single_post,p=1,12,1,0.025004650000482798,11.36009099279331,11.36009099279331,23,2480,49600,22,646,644,2500,0,1835,21,2.7804875220172107,22:11.3601
single_post,p=1,13,1,0.04506934992969036,12.49775338687639,12.385943265698716,46,2482,49640,45,646,643,2500,0,1838,19,2.092758680926636,45:12.4978;131:12.3985;181:12.3859
single_post,p=1,14,1,0.045390344923362136,12.57227075480483,12.033748887557305,37,2481,49620,36,672,668,2500,0,1812,20,2.925259876064956,36:12.5723;45:12.1909;54:12.0337
single_post,p=1,15,1,0.03107398096472025,12.060797160482803,11.660578306216978,26,2470,49400,25,663,660,2500,0,1809,31,2.8420550120063126,25:12.0608;26:11.8176;75:11.6606
single_post,p=1,16,1,0.022951056947931647,13.548110246919085,11.427585038712719,28,2487,49740,27,668,663,2500,0,1823,14,2.142781312111765,27:13.5481;32:13.5415;38:13.4321;43:13.1958;60:12.5040;61:12.0959;149:12.0595;151:11.4276
single_post,p=1,17,1,0.026349281892180443,13.086091015614091,11.523559714403678,29,2484,49680,28,659,655,2500,0,1828,17,2.1030673750210553,28:13.0861;52:11.8018;439:11.5236
single_post,p=1,18,1,0.03910138993524015,12.372610215061284,12.04196734200693,33,2482,49640,32,667,664,2500,0,1817,19,2.691858754027635,32:12.3726;59:12.0420
single_post,p=1,19,1,0.024036849150434136,12.38341399755069,12.005595566988212,30,2483,49660,29,641,639,2500,0,1843,18,2.030950349988416,29:12.3834;56:12.0056
single_post,switch 0.5->0.2,0,1,0.041551929200068116,14.11331982346443,11.38792900498969,45,2234,44680,46,1919,188,510,0,321,267,4.363316876115277,46:14.1133;49:13.7137;53:13.4407;127:12.4405;188:12.3234;261:11.9591;330:11.6781;549:11.3879
single_post,switch 0.5->0.2,1,1,0.05155904311686754,11.865955930482047,11.53451831708401,53,2311,46220,52,1963,167,516,0,349,190,4.079534377902746,52:11.8660;645:11.5345
single_post,switch 0.5->0.2,2,1,0.027662253938615322,12.164782359113627,11.382857328550484,33,2296,45920,32,1915,182,566,0,384,205,4.4504440180025995,32:12.1648;84:11.9273;205:11.8282;218:11.8123;247:11.4772;1390:11.3829
single_post,switch 0.5->0.2,3,1,0.025108493864536285,11.296793924727645,11.248990368426744,34,2259,45180,33,1887,170,544,0,374,242,4.40529536199756,33:11.2968;40:11.2490
single_post,switch 0.5->0.2,4,1,0.06079810904338956,12.569019920087202,11.297529249019862,51,2266,45320,50,1936,170,505,0,335,235,5.435668325051665,50:12.5690;62:12.5377;78:12.4133;127:12.0147;129:11.7290;142:11.2975
single_post,switch 0.5->0.2,5,1,0.06821719091385603,11.830737274989131,11.681227731551372,53,2272,45440,52,1925,189,540,0,351,229,5.133720532990992,52:11.8307;56:11.8276;68:11.8197;73:11.7458;76:11.6812
single_post,switch 0.5->0.2,6,1,0.0533131358679384,12.708735808662823,11.195976196033978,39,2285,45700,38,1928,165,527,0,362,216,5.711610320955515,38:12.7087;52:12.4399;53:12.1503;54:12.0163;69:11.1960
single_post,switch 0.5->0.2,7,1,0.06146072689443827,11.620705388303028,11.301512955496586,49,2271,45420,48,1900,174,548,0,374,230,5.308672039071098,48:11.6207;49:11.3540;1778:11.3015
single_post,switch 0.5->0.2,8,1,0.05320270103402436,12.477593570821625,12.015604468479216,42,2280,45600,41,1967,166,485,0,319,221,5.831622743047774,41:12.4776;47:12.1997;59:12.1404;148:12.1404;321:12.1282;346:12.1158;654:12.1079;1216:12.0994;1624:12.0156
single_post,switch 0.5->0.2,9,1,0.03883960796520114,12.758023862203697,12.248646260089137,30,2294,45880,29,1952,149,494,0,345,207,5.794873602921143,29:12.7580;38:12.4063;86:12.4018;366:12.3350;432:12.3243;841:12.2715;1006:12.2486
single_post,switch 0.5->0.2,10,1,0.06976983696222305,11.79927527909242,11.124839126271183,55,2282,45640,54,1937,174,523,0,349,219,4.75024011102505,54:11.7993;64:11.7666;68:11.3712;86:11.1248
single_post,switch 0.5->0.2,11,1,0.057985079009085894,11.855005544072547,11.636533643545077,50,2281,45620,49,1925,173,531,0,358,220,5.357095510000363,49:11.8550;58:11.6365
single_post,switch 0.5->0.2,12,1,0.0682668830268085,11.746980763721538,11.317970720980183,56,2283,45660,57,1971,170,485,0,315,218,5.132173682097346,57:11.7470;83:11.4803;2449:11.3180
single_post,switch 0.5->0.2,13,1,0.0862720909062773,11.884332711405216,11.588048019330225,55,2280,45600,54,1939,182,524,0,342,221,5.773522787960246,54:11.8843;68:11.5880
single_post,switch 0.5->0.2,14,1,0.05316645395942032,12.930066056350787,11.865382495847559,59,2274,45480,58,1918,173,532,0,359,227,4.201496794819832,58:12.9301;66:12.0220;89:12.0190;1192:11.8654
single_post,switch 0.5->0.2,15,1,0.05985745205543935,13.202027189683985,12.137439566629666,59,2279,45580,61,1936,186,536,0,349,222,4.617748481919989,61:13.2020;66:13.0681;134:12.9368;181:12.4799;1052:12.2189;1367:12.1374
single_post,switch 0.5->0.2,16,1,0.05752266617491841,12.598058745157378,12.259456196420022,44,2279,45580,46,1940,165,506,0,341,222,5.822195740882307,46:12.5981;59:12.5571;95:12.4978;207:12.4088;722:12.3784;1430:12.3722;1794:12.2595
single_post,switch 0.5->0.2,17,1,0.039197304053232074,11.451239510235471,11.328386695539841,45,2276,45520,45,1916,157,520,0,363,225,3.909603162202984,45:11.4512;55:11.4370;64:11.3349;75:11.3284
single_post,switch 0.5->0.2,18,1,0.03761529293842614,11.923038656695148,11.923038656695148,45,2239,44780,44,1930,169,479,0,310,262,4.534074753988534,44:11.9230
single_post,switch 0.5->0.2,19,1,0.07724123005755246,11.811044875015543,11.633145518836407,60,2245,44900,60,1909,182,520,0,338,256,5.343017866834998,60:11.8110;74:11.6331
single_post,exp 0.5->0.2,0,1,0.060829652938991785,14.11331982346443,12.12188782390116,45,2284,45680,46,1878,230,643,0,413,217,4.176458316855133,46:14.1133;56:14.0830;69:13.9460;78:13.7051;83:13.1614;116:13.0967;124:12.2964;1336:12.1219
single_post,exp 0.5->0.2,1,1,0.06152961798943579,12.247804475178702,11.398107021866181,44,2298,45960,43,1881,227,646,0,419,203,5.609766823938116,43:12.2478;45:11.8984;125:11.4457;725:11.3981
single_post,exp 0.5->0.2,2,1,0.059369141003116965,14.0362320085414,11.619309479576565,47,2308,46160,47,1882,236,673,0,437,193,5.656581918941811,47:14.0362;56:13.8367;61:13.7838;87:13.7296;89:12.9684;125:12.7767;147:12.6525;154:12.6437;186:12.4466;221:12.1658;278:12.0967;1619:11.9729;2424:11.6193
single_post,exp 0.5->0.2,3,1,0.0321911689825356,11.233482767939714,11.233482767939714,31,2284,45680,30,1846,253,692,0,439,217,5.2932509139645845,30:11.2335
single_post,exp 0.5->0.2,4,1,0.05309004499576986,12.084804628736803,11.736523136054787,57,2266,45320,56,1876,220,612,0,392,235,3.8062703888863325,56:12.0848;83:11.7365
single_post,exp 0.5->0.2,5,1,0.07353201089426875,12.049851232199405,11.690187718981987,56,2295,45900,55,1868,251,681,0,430,206,5.393271956127137,55:12.0499;76:11.9917;103:11.6902
single_post,exp 0.5->0.2,6,1,0.04873744398355484,13.024401718606065,11.89459855419263,53,2310,46200,53,1882,230,667,0,437,191,4.16917754500173,53:13.0244;55:12.9448;61:12.9035;69:12.3697;73:12.3475;736:12.2328;1332:12.0472;1927:12.0331;2136:11.9425;2182:11.9142;2381:11.8946
single_post,exp 0.5->0.2,7,1,0.048269286984577775,12.262884462444461,11.299004961372239,37,2299,45980,36,1828,213,690,0,477,202,5.348586115986109,36:12.2629;38:12.2528;59:12.1177;61:12.0272;70:11.6960;74:11.4647;313:11.4635;482:11.3825;482:11.3041;1193:11.2990
single_post,exp 0.5->0.2,8,1,0.045358889969065785,12.670947313585971,12.148730463931079,50,2319,46380,49,1930,226,619,0,393,182,3.991255193017423,49:12.6709;53:12.4251;229:12.3273;342:12.1487
single_post,exp 0.5->0.2,9,1,0.026928868144750595,12.758023862203697,11.354975979960106,30,2324,46480,29,1916,241,655,0,414,177,4.016882226802409,29:12.7580;40:12.6730;50:12.5786;88:12.4800;131:11.7343;927:11.3550
single_post,exp 0.5->0.2,10,1,0.0466840248554945,11.569567407643616,11.569567407643616,48,2320,46400,47,1887,235,669,0,434,181,4.028122501913458,47:11.5696
single_post,exp 0.5->0.2,11,1,0.044524803990498185,11.855005544072547,11.288872423023863,50,2309,46180,49,1874,229,666,0,437,192,4.109108260134235,49:11.8550;76:11.4119;78:11.2889
single_post,exp 0.5->0.2,12,1,0.05702662514522672,11.613147613649911,11.479005355997826,47,2289,45780,47,1893,238,637,0,399,212,5.361315116053447,47:11.6131;49:11.5808;88:11.4790
single_post,exp 0.5->0.2,13,1,0.05220913980156183,11.869931229370385,11.52569783279569,40,2305,46100,39,1885,239,663,0,424,196,5.29236837499775,39:11.8699;48:11.6052;1855:11.5608;2002:11.5257
single_post,exp 0.5->0.2,14,1,0.0636369101703167,11.948658967992703,11.379220131749047,52,2293,45860,51,1866,233,664,0,431,208,5.163190726889297,51:11.9487;53:11.6903;712:11.6105;976:11.3792
single_post,exp 0.5->0.2,15,1,0.05495215114206076,13.202027189683985,12.17754965173315,59,2318,46360,61,1896,230,656,0,426,183,3.8919511889107525,61:13.2020;62:12.7706;65:12.5600;169:12.4485;278:12.1775
single_post,exp 0.5->0.2,16,1,0.039693804923444986,12.598058745157378,11.678819689367199,44,2291,45820,46,1885,224,633,0,408,210,4.003490646136925,46:12.5981;55:12.3254;57:11.6788
single_post,exp 0.5->0.2,17,1,0.07981647993437946,11.726478219228063,11.519764706611081,64,2289,45780,65,1875,236,653,0,417,212,5.337639525998384,65:11.7265;75:11.5736;77:11.5671;78:11.5198
single_post,exp 0.5->0.2,18,1,0.05083641083911061,11.923038656695148,11.923038656695148,45,2291,45820,44,1900,211,603,0,392,210,5.272945932112634,44:11.9230
single_post,exp 0.5->0.2,19,1,0.06629601190797985,12.16160304732147,11.55841838767739,53,2275,45500,53,1865,225,638,0,413,226,5.431186262983829,53:12.1616;69:11.8126;111:11.5584
post_fence,p=0,0,1,0.9645976219326258,13.789674048505839,13.789674048505839,456,1823,80212,872,1824,0,0,0,0,678,5.286449100123718,872:13.7897
post_fence,p=0,1,1,0.46216913498938084,13.430817159648587,13.051368938057403,245,2022,88968,408,2026,0,0,0,0,479,6.253352860920131,408:13.4308;415:13.2600;450:13.1321;1022:13.1278;1718:13.0751;1905:13.0514
post_fence,p=0,2,1,0.161167963873595,10.932527536878705,10.669662714289261,92,2102,92488,95,2105,0,0,0,0,399,6.283363319002092,95:10.9325;97:10.8412;102:10.7176;1028:10.7079;1063:10.6697
post_fence,p=0,3,1,0.11759802303276956,12.002952896272514,10.474766966523548,83,2077,91388,91,2080,0,0,0,0,424,6.162149972049519,91:12.0030;95:10.4969;101:10.4748
post_fence,p=0,4,1,0.1726985878776759,11.895951629587294,11.217823414834962,94,2122,93368,103,2126,0,0,0,0,379,6.675945759052411,103:11.8960;110:11.8429;123:11.5181;166:11.2178
post_fence,p=0,5,1,0.13157931598834693,11.489388020390473,11.105748057998209,106,2116,93104,123,2119,0,0,0,0,385,4.509206150891259,123:11.4894;138:11.1553;144:11.1057
post_fence,p=0,6,1,0.14805328799411654,11.479626062198363,10.942319622391619,88,2106,92664,108,2110,0,0,0,0,395,6.292257814202458,108:11.4796;153:11.3786;154:11.2482;2321:10.9423
post_fence,p=0,7,1,0.106503969989717,11.121619599594712,10.911735086999805,74,2178,95832,73,2181,0,0,0,0,323,6.88387476792559,73:11.1216;76:10.9130;82:10.9117
post_fence,p=0,8,1,0.18381173815578222,11.123615452050254,11.123615452050254,96,2130,93720,110,2131,0,0,0,0,371,6.6098439211491495,110:11.1236
post_fence,p=0,9,1,0.16000857902690768,11.552511193369867,11.03922507961786,124,2092,92048,172,2096,0,0,0,0,409,4.82783149718307,172:11.5525;173:11.3348;175:11.3095;178:11.0392
post_fence,p=0,10,1,0.09038257482461631,10.824400633386707,10.775769689259592,80,2134,93896,83,2136,0,0,0,0,367,4.634801210137084,83:10.8244;99:10.7758
post_fence,p=0,11,1,0.17478846502490342,11.319028331445782,11.171517872974022,101,2154,94776,118,2156,0,0,0,0,347,6.810114816995338,118:11.3190;2201:11.1715
post_fence,p=0,12,1,0.22586432099342346,13.0352680435715,12.711540568095717,153,2064,90816,217,2067,0,0,0,0,437,4.5146903889253736,217:13.0353;222:12.7955;224:12.7709;329:12.7115
post_fence,p=0,13,1,0.13366527017205954,11.351984336931599,11.351984336931599,100,2103,92532,120,2104,0,0,0,0,398,4.78633694909513,120:11.3520
post_fence,p=0,14,1,0.10934560000896454,10.950697631903623,10.857044346290145,84,2100,92400,95,2102,0,0,0,0,401,5.005675271851942,95:10.9507;953:10.8570
post_fence,p=0,15,1,0.17273646919056773,11.993484051823572,11.772760050772282,150,2026,89144,257,2029,0,0,0,0,475,4.333189441123977,257:11.9935;507:11.8278;1817:11.7728
post_fence,p=0,16,1,0.8883564888965338,11.896464556131873,11.409177913612798,411,1848,81312,763,1852,0,0,0,0,653,5.583640664815903,763:11.8965;770:11.7947;775:11.6608;784:11.4752;1354:11.4092
post_fence,p=0,17,1,0.19740727893076837,12.958666614382965,12.031511534574648,144,2064,90816,211,2069,0,0,0,0,437,4.850385464029387,211:12.9587;217:12.9220;218:12.7270;1691:12.3954;1891:12.0593;2480:12.0437;2484:12.0315
post_fence,p=0,18,1,0.10989296995103359,10.665307601488871,10.459429109041574,63,2084,91696,67,2087,0,0,0,0,417,6.329857242060825,67:10.6653;88:10.4801;90:10.4594
post_fence,p=0,19,1,0.3028138098306954,12.966195307037612,12.644595200534807,166,1991,87604,227,1995,0,0,0,0,510,5.943491464946419,227:12.9662;262:12.9629;274:12.7022;279:12.6446
post_fence,p=0.2,0,1,0.9036790661048144,11.771106485380113,10.994392444348254,461,1991,87604,726,1726,227,497,0,269,510,5.177036517998204,726:11.7711;730:11.1149;733:11.0335;2352:10.9944
post_fence,p=0.2,1,1,0.1345850450452417,11.604564588568355,11.604564588568355,91,2260,99440,97,1961,194,494,0,300,241,6.12080237781629,97:11.6046
post_fence,p=0.2,2,1,0.19754156190901995,11.123771277401609,10.920047877783322,108,2285,100540,116,1961,230,556,0,326,216,5.688620810164139,116:11.1238;128:10.9200
post_fence,p=0.2,3,1,0.41350512905046344,13.095105400686139,12.91787936738907,215,2136,93984,320,1813,204,529,0,325,365,5.787233531940728,320:13.0951;326:12.9179
post_fence,p=0.2,4,1,0.21305180597119033,13.270186097384132,12.716953611814517,108,2218,97592,131,1944,210,488,0,278,283,5.387217936106026,131:13.2702;132:12.9146;138:12.7211;169:12.7170
post_fence,p=0.2,5,1,0.1352403990458697,11.236861064447313,10.926269296537825,127,2240,98560,147,1936,219,523,0,304,261,5.339035612065345,147:11.2369;150:10.9263
post_fence,p=0.2,6,1,0.3521261771675199,11.60271834562688,11.474693763397177,181,2236,98384,210,1912,190,517,0,326,265,6.18517903983593,210:11.6027;218:11.4749;1885:11.4747
post_fence,p=0.2,7,1,0.17842231993563473,12.884293104936745,12.321813021907015,110,2235,98340,139,1919,214,533,0,319,266,5.934330211952329,139:12.8843;151:12.7714;769:12.4747;1544:12.3218
post_fence,p=0.2,8,1,0.06229693489149213,11.924439999819285,10.796445709540317,50,2244,98736,51,1939,167,474,0,307,257,4.939552491996437,51:11.9244;54:11.1509;55:10.7964
post_fence,p=0.2,9,1,0.11352737084962428,11.426152083977861,11.426152083977861,68,2265,99660,72,1950,169,485,0,316,236,6.045997203793377,72:11.4262
post_fence,p=0.2,10,1,0.07792637287639081,10.846633174089407,10.52035470741884,54,2259,99396,54,1966,208,505,0,297,242,6.342301195953041,54:10.8466;74:10.6532;99:10.6485;100:10.6291;105:10.5204
post_fence,p=0.2,11,1,0.14726473204791546,13.400864151202146,12.109427836842874,118,2233,98252,129,1915,194,516,0,322,268,4.4591391349677,129:13.4009;138:13.0014;141:12.9486;172:12.1474;254:12.1094
post_fence,p=0.2,12,1,0.1703516859561205,11.69855085062089,11.69855085062089,112,2250,99000,125,1948,169,472,0,303,251,4.488346237922087,125:11.6986
post_fence,p=0.2,13,1,0.6265352570917457,11.859384495671687,11.176092621986834,306,2170,95480,402,1893,219,501,0,282,331,6.2522655699867755,402:11.8594;408:11.5727;422:11.3377;552:11.2040;1949:11.1761
post_fence,p=0.2,14,1,0.09765448397956789,11.258478176782889,10.928828205748438,85,2259,99396,98,1945,194,513,0,318,242,4.787069517886266,98:11.2585;129:11.2016;151:11.0822;299:10.9288
post_fence,p=0.2,15,1,0.07005217089317739,10.739382258433317,10.25472458196819,67,2276,100144,67,1948,174,506,0,332,225,5.780401475960389,67:10.7394;106:10.4324;122:10.3773;1863:10.2547
post_fence,p=0.2,16,1,0.13528757612220943,12.016859832056722,11.520541298632024,108,2220,97680,127,1919,191,495,0,303,281,4.650098338024691,127:12.0169;140:11.5205
post_fence,p=0.2,17,1,0.3221933958120644,13.552211389598495,13.329737531247545,179,2200,96800,225,1899,206,510,0,304,301,6.091707478975877,225:13.5522;238:13.4229;245:13.3297
post_fence,p=0.2,18,1,0.21821878384798765,11.546620838030128,11.159705480307029,153,2175,95700,195,1892,179,466,0,287,326,4.544528604950756,195:11.5466;212:11.4732;215:11.2416;235:11.1597
post_fence,p=0.2,19,1,0.188578805886209,12.114130818077014,11.600237031451616,146,2203,96932,166,1909,209,507,0,297,298,5.899117955937982,166:12.1141;193:11.6678;197:11.6002
post_fence,p=0.4,0,1,0.3699687668122351,13.077593282626781,11.285264682476367,202,2306,101464,236,1674,382,1017,0,635,195,5.879456965019926,236:13.0776;263:12.9350;303:12.8558;618:11.7089;758:11.6852;846:11.4412;903:11.3687;1597:11.2853
post_fence,p=0.4,1,1,0.25611316598951817,13.752302365061567,12.803440215655224,149,2338,102872,158,1716,334,959,0,624,163,5.898039540043101,158:13.7523;163:13.0015;317:12.8211;410:12.8034
post_fence,p=0.4,2,1,0.19234035280533135,12.722846426418169,12.091077731298807,112,2328,102432,114,1668,361,1025,0,662,173,5.427645914023742,114:12.7228;115:12.0911
post_fence,p=0.4,3,1,0.6457336528692394,13.257907907536678,12.275194538613228,328,2275,100100,381,1650,381,1014,0,628,226,5.503303988836706,381:13.2579;1247:13.2399;1415:12.8529;1940:12.7361;2172:12.4806;2427:12.4778;2456:12.2752
post_fence,p=0.4,4,1,0.5289943169336766,14.095150157048879,12.612797970368122,373,2281,100364,463,1708,400,984,0,581,220,4.048624800983816,463:14.0952;464:13.8243;467:13.5533;473:13.4662;474:13.2177;493:12.8346;905:12.6613;2147:12.6128
post_fence,p=0.4,5,1,0.5951780029572546,13.291100807240156,12.584162080771733,425,2263,99572,529,1668,390,989,0,598,238,4.05799676803872,529:13.2911;544:13.2619;1259:12.7378;1533:12.7290;1969:12.6517;2269:12.5842
post_fence,p=0.4,6,1,0.1538124280050397,12.401969097894964,11.376320588705497,91,2383,104852,91,1762,355,980,0,624,118,6.004450756125152,91:12.4020;98:11.8567;110:11.3763
post_fence,p=0.4,7,1,0.3310266500338912,12.932344080328612,11.819526536336374,192,2326,102344,217,1702,398,1026,0,626,175,5.860413182992488,217:12.9323;218:11.8195
post_fence,p=0.4,8,1,0.42081396095454693,11.46121866994944,11.283708203589288,212,2320,102080,248,1766,335,894,0,557,181,4.6628737228456885,248:11.4612;256:11.4604;268:11.3170;525:11.2837
post_fence,p=0.4,9,1,0.3898426848463714,14.24307693746063,12.398494229016467,217,2361,103884,239,1773,390,986,0,595,140,5.994186352007091,239:14.2431;286:13.9728;588:13.9370;1393:13.7327;1530:13.6099;1564:13.6028;1564:13.5950;1771:13.5157;1828:13.3887;1867:13.3828;1942:12.3985
post_fence,p=0.4,10,1,0.12598404986783862,11.243435488154594,10.829177809938658,108,2370,104280,110,1754,409,1029,0,620,131,4.692372589139268,110:11.2434;115:11.1167;117:10.9243;140:10.8292
post_fence,p=0.4,11,1,0.14035966503433883,12.689255746192087,12.443141275169921,118,2350,103400,129,1730,388,1011,0,621,151,4.274693924002349,129:12.6893;131:12.4431
post_fence,p=0.4,12,1,0.7088041650131345,13.818348237496455,12.69815301053977,416,2267,99748,509,1671,413,1014,0,599,234,5.258188717998564,509:13.8183;510:13.8115;510:13.0362;514:12.8102;1283:12.7944;1740:12.6982
post_fence,p=0.4,13,1,0.25250003417022526,12.024436842244013,12.024436842244013,151,2331,102564,163,1718,382,997,0,614,170,5.706993978004903,163:12.0244
post_fence,p=0.4,14,1,0.3197184179443866,12.128448357277756,11.864286688933392,185,2321,102124,218,1727,406,1005,0,597,180,5.95620714686811,218:12.1284;224:11.8876;607:11.8861;735:11.8643
post_fence,p=0.4,15,1,0.15477978298440576,12.118756088893925,11.97939001703363,116,2350,103400,128,1718,330,964,0,634,151,4.243751130998135,128:12.1188;135:11.9794
post_fence,p=0.4,16,1,0.17969258106313646,12.51572840098172,11.754889823343559,154,2355,103620,158,1712,360,1009,0,649,146,4.41466329805553,158:12.5157;169:12.4672;1609:12.2135;1693:12.1692;2063:12.1608;2067:12.0157;2431:11.7549
post_fence,p=0.4,17,1,0.23559785401448607,12.551672096246296,11.829035283484187,200,2289,100716,242,1678,375,998,0,617,212,4.370146845001727,242:12.5517;243:12.5071;256:12.4578;263:12.3341;267:12.0579;280:12.0232;548:11.9501;1951:11.8290
post_fence,p=0.4,18,1,0.06517183990217745,11.66728980026372,11.30718227696346,48,2340,102960,47,1704,355,995,0,639,161,5.567588326986879,47:11.6673;53:11.3397;184:11.3072
post_fence,p=0.4,19,1,0.1975972920190543,11.511428166896943,11.511428166896943,119,2357,103708,127,1721,340,976,0,636,144,5.718310883035883,127:11.5114
post_fence,p=0.6,0,1,0.25283285905607045,10.982328298579018,10.942935026873783,160,2408,105952,169,1478,576,1509,0,932,93,5.270062966039404,169:10.9823;175:10.9429
post_fence,p=0.6,1,1,0.1705220548901707,11.507967941879585,11.507967941879585,103,2414,106216,102,1489,546,1474,0,926,87,5.564104471821338,102:11.5080
post_fence,p=0.6,2,1,0.2886345621664077,13.24326366443367,13.082999024559015,154,2406,105864,169,1476,569,1505,0,932,95,5.473932360066101,169:13.2433;1929:13.1724;2023:13.0977;2156:13.0830
post_fence,p=0.6,3,1,0.3048251748550683,11.361023391751985,11.321255892041137,175,2405,105820,182,1435,556,1527,0,971,96,5.369888450019062,182:11.3610;2219:11.3213
post_fence,p=0.6,4,1,0.08271428802981973,11.345279355058068,10.635926506827722,82,2414,106216,82,1491,562,1490,0,927,87,3.9804705909918994,82:11.3453;84:11.2290;91:10.8867;98:10.6359
post_fence,p=0.6,5,1,0.26722166896797717,12.481257290778336,11.522494057614072,216,2397,105468,239,1433,521,1492,0,966,104,3.9033717568963766,239:12.4813;240:11.5930;460:11.5225
post_fence,p=0.6,6,1,0.3314987539779395,12.669676668122488,12.198619867222956,189,2424,106656,199,1478,544,1497,0,949,77,5.6100854619871825,199:12.6697;243:12.6556;1691:12.5839;2418:12.1986
post_fence,p=0.6,7,1,0.13897162093780935,12.564056758960088,11.981001165875151,89,2417,106348,90,1480,536,1482,0,941,84,5.25676737097092,90:12.5641;98:12.1166;2138:12.0143;2355:11.9810
post_fence,p=0.6,8,1,0.46516401786357164,14.385762206882081,11.183789820450041,248,2423,106612,263,1500,559,1489,0,927,78,5.628383354051039,263:14.3858;269:12.8835;270:11.6354;281:11.4909;303:11.2063;1595:11.1838
post_fence,p=0.6,9,1,0.1847346459981054,12.043194083289677,11.815859980871181,161,2426,106744,165,1497,584,1517,0,931,75,4.21811495302245,165:12.0432;178:11.8159
post_fence,p=0.6,10,1,0.28108310303650796,13.147264470951852,12.313632829004597,163,2435,107140,176,1493,560,1509,0,946,66,5.608313327888027,176:13.1473;191:12.8721;1927:12.8571;1964:12.8443;2148:12.3136
post_fence,p=0.6,11,1,0.3016763769555837,12.128960915078965,11.257942371744935,192,2426,106744,199,1474,547,1507,0,956,75,5.392307772068307,199:12.1290;200:11.8585;316:11.3808;862:11.2579
post_fence,p=0.6,12,1,0.2906933301128447,11.059185608433467,10.637377834943823,179,2409,105996,198,1440,557,1531,0,972,92,4.27326610381715,198:11.0592;201:10.8243;206:10.6374
post_fence,p=0.6,13,1,0.22527048597112298,11.945120864800353,11.732298456053412,191,2409,105996,192,1467,555,1502,0,944,92,3.957727520028129,192:11.9451;204:11.7323
post_fence,p=0.6,14,1,0.4514901419170201,11.471827391160168,11.471827391160168,244,2396,105424,261,1460,546,1489,0,937,105,4.815249809063971,261:11.4718
post_fence,p=0.6,15,1,0.09815942193381488,11.84591752198313,11.369074329200773,60,2416,106304,59,1485,519,1455,0,934,85,5.469763186061755,59:11.8459;61:11.6410;74:11.5398;78:11.3691
post_fence,p=0.6,16,1,0.17180538992397487,13.244903954879964,13.088394255294446,133,2426,106744,138,1493,539,1478,0,936,75,4.0539956639986485,138:13.2449;141:13.1688;262:13.0884
post_fence,p=0.6,17,1,0.19564437703229487,11.303131777372203,11.303131777372203,164,2433,107052,169,1491,560,1506,0,943,68,4.59320198209025,169:11.3031
post_fence,p=0.6,18,1,0.22306406893767416,12.241668605264351,10.784617740303972,137,2434,107096,138,1475,542,1505,0,962,67,5.368573170853779,138:12.2417;141:11.2207;213:11.1201;824:11.1182;1220:10.8357;1399:10.7846
post_fence,p=0.6,19,1,0.16677023703232408,12.760287749185164,11.679470542291611,145,2418,106392,154,1474,557,1509,0,948,83,4.5379330310970545,154:12.7603;160:12.7108;165:11.9240;774:11.8438;2429:11.7336;2494:11.6795
post_fence,p=0.8,0,1,0.3546675278339535,11.128055850542507,11.128055850542507,207,2462,108328,216,1229,741,1983,0,1234,39,4.18104630894959,216:11.1281
post_fence,p=0.8,1,1,0.9404531680047512,13.280416106425704,12.321260006634066,511,2455,108020,531,1227,728,1968,0,1232,46,5.157274023862556,531:13.2804;548:13.2772;733:12.8549;792:12.7594;1577:12.7434;1790:12.6915;1940:12.3213
post_fence,p=0.8,2,1,0.336030334001407,12.169966082075716,11.365118526703192,191,2477,108988,194,1216,741,2006,0,1264,24,4.205412873998284,194:12.1700;195:12.1281;200:11.5132;2271:11.3651
post_fence,p=0.8,3,1,0.22929229401051998,13.265342724189834,11.789006833985667,194,2477,108988,193,1240,770,2015,0,1240,24,4.876844775862992,193:13.2653;200:12.2190;404:12.1639;1600:12.1168;1752:12.1053;2221:11.7890
post_fence,p=0.8,4,1,0.24230781407095492,13.324724483203902,12.547219282851627,216,2465,108460,219,1220,729,1988,0,1252,36,4.722430641995743,219:13.3247;223:13.0588;1200:13.0182;1221:12.9587;1790:12.5678;2304:12.5502;2458:12.5472
post_fence,p=0.8,5,1,0.2554293959401548,12.181710495141388,11.646896666374092,154,2480,109120,153,1207,740,2020,0,1276,21,5.081387361977249,153:12.1817;1734:11.8846;2456:11.6469
post_fence,p=0.8,6,1,0.6710064618382603,12.534156509424777,11.50895323615274,394,2468,108592,411,1220,765,2026,0,1253,33,5.259234549943358,411:12.5342;1907:11.8211;2083:11.7657;2201:11.5586;2329:11.5090
post_fence,p=0.8,7,1,0.7845990848727524,11.698006012934478,11.26614432756455,414,2458,108152,425,1242,742,1969,0,1219,43,5.33304237620905,425:11.6980;428:11.6861;438:11.2703;2151:11.2661
post_fence,p=0.8,8,1,0.2515897511038929,12.708357957453606,11.505256831167062,150,2477,108988,149,1214,771,2041,0,1267,24,5.367587713059038,149:12.7084;152:12.6363;153:12.3381;173:12.1880;1758:11.5053
post_fence,p=0.8,9,1,0.18083478789776564,11.485808580353206,11.485808580353206,161,2478,109032,160,1232,775,2024,0,1247,23,4.063514488050714,160:11.4858
post_fence,p=0.8,10,1,0.23318265308625996,11.223161558532063,11.223161558532063,193,2479,109076,195,1247,744,1981,0,1233,22,5.115375266876072,195:11.2232
post_fence,p=0.8,11,1,0.32096642116084695,11.672333059859254,11.672333059859254,261,2475,108900,264,1211,738,2008,0,1265,26,4.16790730599314,264:11.6723
post_fence,p=0.8,12,1,0.5218557920306921,13.247388927292398,12.54168646203564,299,2470,108680,305,1235,770,2014,0,1239,31,5.373074773931876,305:13.2474;307:13.1523;329:12.9986;555:12.9209;1455:12.7582;2005:12.5417
post_fence,p=0.8,13,1,0.7503571328707039,11.814023716677895,10.965621090893103,394,2467,108548,400,1245,777,2007,0,1225,34,5.226204639999196,400:11.8140;404:11.6788;409:11.3565;415:10.9656
post_fence,p=0.8,14,1,0.2649765599053353,12.552575179351642,11.814755070574034,216,2473,108812,217,1234,736,1985,0,1242,28,4.010510352207348,217:12.5526;218:11.8507;223:11.8148
post_fence,p=0.8,15,1,0.4821069170720875,12.50852668488503,11.63506383633874,375,2459,108196,387,1223,760,2006,0,1239,42,4.077394743915647,387:12.5085;412:12.2436;1931:11.6351
post_fence,p=0.8,16,1,0.41755288396961987,13.869131275332393,12.838493307305743,242,2481,109164,244,1227,738,2006,0,1261,20,5.349235872970894,244:13.8691;247:13.8530;253:13.4768;610:13.2119;1966:13.1774;1984:13.1411;2044:12.8385
post_fence,p=0.8,17,1,0.21128907101228833,11.583193179347674,11.503753620971837,182,2483,109252,183,1234,759,2010,0,1251,18,4.35270526795648,183:11.5832;184:11.5038
post_fence,p=0.8,18,1,0.24592223693616688,13.93849878165388,12.356236736889162,182,2480,109120,182,1229,740,2003,0,1259,21,4.591975897084922,182:13.9385;185:13.4823;187:12.9620;194:12.8831;1567:12.7597;1952:12.7301;2339:12.5951;2339:12.5863;2410:12.3562
post_fence,p=0.8,19,1,0.39247163804247975,13.548360169266067,11.522903096890799,301,2463,108372,307,1220,759,2012,0,1248,38,4.358913365053013,307:13.5484;310:13.2819;326:12.8392;953:12.8011;1468:11.5587;2381:11.5229
post_fence,p=1,0,1,0.6064498950727284,11.55146552886726,11.55146552886726,376,2497,109868,375,981,979,2500,0,1517,4,5.212913277093321,375:11.5515
post_fence,p=1,1,1,0.8180032859090716,13.700185954788573,11.450112462315964,480,2498,109912,479,982,979,2500,0,1518,3,5.0230673821642995,479:13.7002;486:13.6100;865:13.4922;893:12.7132;1148:11.4501
post_fence,p=1,2,1,0.48722584499046206,13.402907204702565,12.77357280179257,401,2498,109912,400,966,962,2500,0,1535,3,4.351546329911798,400:13.4029;401:13.1568;1363:13.1406;1419:12.8738;1806:12.7759;1827:12.7736
post_fence,p=1,3,1,0.6732883979566395,12.431201954059938,11.991879433162355,428,2498,109912,427,965,961,2500,0,1536,3,4.9655674658715725,427:12.4312;555:12.2034;797:11.9919
post_fence,p=1,4,1,0.7365539299789816,12.847431947679196,12.50397099447624,455,2497,109868,454,959,956,2500,0,1540,4,4.914905020967126,454:12.8474;1895:12.5040
post_fence,p=1,5,1,0.5329744790215045,12.643947031746702,11.860297167375418,457,2498,109912,456,988,985,2500,0,1512,3,4.701837575994432,456:12.6439;457:12.5834;937:11.9998;1061:11.8603
post_fence,p=1,6,1,0.36745861102826893,14.679929361128869,12.810421820761135,350,2497,109868,349,976,973,2500,0,1523,4,3.6833911419380456,349:14.6799;353:14.3824;723:12.8104
post_fence,p=1,7,1,0.6923556248657405,10.83825158336011,10.83825158336011,391,2496,109824,390,959,957,2500,0,1538,5,4.893870233092457,390:10.8383
post_fence,p=1,8,1,0.7010225069243461,13.531692365302046,12.471885446196481,439,2497,109868,438,945,942,2500,0,1554,4,4.799322091974318,438:13.5317;444:13.0750;467:12.7134;654:12.4719
post_fence,p=1,9,1,0.5908670788630843,14.709010691386121,13.434633611520253,443,2498,109912,442,970,966,2500,0,1531,3,4.57743892702274,442:14.7090;443:14.6817;444:14.3476;589:13.4346
post_fence,p=1,10,1,0.6958275339566171,13.111485427545585,10.967711290045747,432,2494,109736,431,954,949,2500,0,1544,7,4.802124491194263,431:13.1115;432:12.8149;434:12.7673;435:12.4242;435:11.2521;443:10.9677
post_fence,p=1,11,1,0.49695408903062344,11.142428238953642,10.298974681162639,440,2498,109912,439,973,969,2500,0,1528,3,4.179772791219875,439:11.1424;444:11.0039;445:10.2990
post_fence,p=1,12,1,0.40087549085728824,12.810486955446228,11.946998878118768,350,2494,109736,349,987,984,2500,0,1509,7,3.9044158249162138,349:12.8105;351:12.1388;1722:11.9470
post_fence,p=1,13,1,0.43585260584950447,12.880561294240483,12.880561294240483,345,2486,109384,344,946,944,2500,0,1541,15,3.763797271065414,344:12.8806
post_fence,p=1,14,1,0.45156594179570675,12.24328536415903,12.241984315645103,257,2496,109824,256,973,971,2500,0,1524,5,5.006173800909892,256:12.2433;601:12.2420
post_fence,p=1,15,1,0.6996410640422255,13.331227480676995,11.885770453051888,402,2495,109780,401,966,964,2500,0,1530,6,5.019689995795488,401:13.3312;403:12.9142;638:12.6011;742:12.5796;1138:12.0588;2202:11.8858
post_fence,p=1,16,1,0.39989955187775195,14.035746941334965,14.035746941334965,332,2493,109692,331,965,963,2500,0,1529,8,3.8259484090376645,331:14.0357
post_fence,p=1,17,1,0.38208731985650957,12.615209116203324,11.501375413797755,229,2496,109824,228,948,944,2500,0,1551,5,4.024084094911814,228:12.6152;234:12.3645;238:12.2083;1791:12.1590;1965:11.5014
post_fence,p=1,18,1,0.5030452411156148,13.906767913145659,12.385574376802529,444,2495,109780,443,981,976,2500,0,1518,6,3.624341157032177,443:13.9068;468:13.7593;475:12.6040;493:12.3856
post_fence,p=1,19,1,0.4881629159208387,12.477378731709045,12.477378731709045,367,2496,109824,366,982,980,2500,0,1515,5,3.934349357848987,366:12.4774
post_fence,switch 0.5->0.2,0,1,0.5997620730195194,14.50238085583304,12.826024061009537,321,2162,95128,368,1821,260,609,0,348,339,5.864274210995063,368:14.5024;379:14.4092;400:14.0755;738:14.0027;757:13.9906;1666:13.9525;1701:13.6969;1800:13.5888;1808:13.0352;2170:12.9805;2403:12.8260
post_fence,switch 0.5->0.2,1,1,0.44941292493604124,13.793932400177171,12.00741185713214,239,2203,96932,265,1860,237,587,0,349,298,5.913245748961344,265:13.7939;267:13.4674;287:13.1486;330:12.4103;454:12.2916;475:12.1990;475:12.0074
post_fence,switch 0.5->0.2,2,1,0.11790383816696703,12.545205527062006,12.178932045250415,103,2272,99968,104,1936,239,579,0,340,229,5.067594083957374,104:12.5452;118:12.5382;119:12.5205;135:12.3345;1543:12.2948;2396:12.1789
post_fence,switch 0.5->0.2,3,1,0.3017255989834666,12.92083549101447,12.213882474213596,160,2235,98340,164,1887,233,584,0,351,266,6.240679798880592,164:12.9208;166:12.7768;357:12.7028;369:12.6685;415:12.6573;584:12.3556;840:12.2809;1108:12.2391;1265:12.2139
post_fence,switch 0.5->0.2,4,1,0.2814412908628583,12.215203997815667,12.027541916085102,152,2204,96976,174,1895,214,525,0,311,297,6.160618303809315,174:12.2152;1042:12.0275
post_fence,switch 0.5->0.2,5,1,0.6750625530257821,12.537943272579414,11.89253487910236,323,2224,97856,377,1901,301,627,0,326,277,6.218861558008939,377:12.5379;378:12.3843;380:11.9918;1917:11.8925
post_fence,switch 0.5->0.2,6,1,0.13677725801244378,11.768530017956188,11.522276645345652,82,2266,99704,81,1922,190,537,0,347,235,5.392268117982894,81:11.7685;95:11.6822;107:11.5650;2019:11.5223
post_fence,switch 0.5->0.2,7,1,0.48073969478718936,13.374447328293023,12.698512771627286,361,2260,99440,402,1880,258,642,0,384,241,4.5411337008699775,402:13.3744;424:13.2594;573:12.7042;1239:12.7024;1681:12.6985
post_fence,switch 0.5->0.2,8,1,0.77384465909563,13.236545289924008,11.979479044326297,386,2225,97900,444,1893,267,604,0,337,276,6.526071446947753,444:13.2365;469:13.1325;534:12.4354;605:12.2292;720:12.0508;747:12.0177;1505:11.9795
post_fence,switch 0.5->0.2,9,1,0.10189013602212071,11.76291729755121,10.989676411109564,64,2263,99572,66,1964,210,513,0,303,238,6.466120663098991,66:11.7629;67:11.3120;78:11.1610;85:10.9897
post_fence,switch 0.5->0.2,10,1,0.2162958849221468,10.954859985873561,10.735459461388121,126,2249,98956,127,1917,210,545,0,335,252,6.267709587002173,127:10.9549;128:10.8012;2499:10.7355
post_fence,switch 0.5->0.2,11,1,0.14238110091537237,12.63448637791136,11.895938625072674,84,2268,99792,83,1942,204,536,0,332,233,5.14966259081848,83:12.6345;93:12.3213;99:12.1109;177:12.0448;183:11.9588;327:11.9542;1417:11.8959
post_fence,switch 0.5->0.2,12,1,0.13701354595832527,12.569451170856535,12.04217222920741,83,2258,99352,90,1967,205,498,0,293,243,6.180691848974675,90:12.5695;117:12.0422
post_fence,switch 0.5->0.2,13,1,0.4452341701835394,12.981462246363536,11.646208548763628,237,2250,99000,249,1924,257,587,0,330,251,6.428159156814218,249:12.9815;252:12.9251;275:12.2028;363:12.2019;1356:11.9581;2000:11.8258;2001:11.6462
post_fence,switch 0.5->0.2,14,1,0.27711032098159194,12.434360375832329,12.258750989910931,217,2242,98648,224,1912,254,588,0,333,259,5.960824756883085,224:12.4344;249:12.3984;251:12.2588
post_fence,switch 0.5->0.2,15,1,0.2640082500874996,12.154599729891922,12.13730327977701,188,2255,99220,200,1916,243,584,0,340,246,4.602708260063082,200:12.1546;776:12.1373
post_fence,switch 0.5->0.2,16,1,0.18133827415294945,10.969124947721774,10.807991915476515,102,2256,99264,108,1952,226,532,0,306,245,6.465019716182724,108:10.9691;148:10.8080
post_fence,switch 0.5->0.2,17,1,0.22462373110465705,14.030866061753382,13.057769264156994,132,2248,98912,141,1931,228,549,0,321,253,6.4076024510432035,141:14.0309;142:13.9608;157:13.9606;160:13.7974;163:13.1695;197:13.0578
post_fence,switch 0.5->0.2,18,1,0.0809117709286511,12.041535820323691,11.36764212475864,57,2247,98868,56,1954,186,484,0,298,254,6.0502645638771355,56:12.0415;69:11.9336;104:11.8465;154:11.6728;186:11.5746;1495:11.3676
post_fence,switch 0.5->0.2,19,1,0.1687790029682219,12.8284860504461,11.626127138541122,148,2186,96184,158,1855,213,546,0,333,315,4.440819720039144,158:12.8285;169:11.6475;451:11.6333;891:11.6261
post_fence,exp 0.5->0.2,0,1,0.2206619419157505,12.668322323632703,11.902517132303432,195,2197,96668,231,1844,287,643,0,356,304,4.162973630940542,231:12.6683;233:12.3584;235:12.1075;235:11.9025
post_fence,exp 0.5->0.2,1,1,0.5539237449411303,12.263290822229257,11.993103426434889,284,2221,97724,331,1867,289,646,0,356,280,6.0027050990611315,331:12.2633;345:11.9931
post_fence,exp 0.5->0.2,2,1,0.07903693919070065,13.186253111767158,12.728451775496225,78,2282,100408,82,1889,277,673,0,396,219,5.337042324012145,82:13.1863;92:12.9238;95:12.8694;179:12.7285
post_fence,exp 0.5->0.2,3,1,0.30223538097925484,13.34188802263138,12.829379724906486,171,2237,98428,182,1844,294,692,0,398,264,6.043076104018837,182:13.3419;200:13.0960;201:13.0312;2015:12.9711;2058:12.8294
post_fence,exp 0.5->0.2,4,1,0.19172674091532826,13.226965877382785,12.688480568816944,138,2247,98868,159,1895,256,612,0,355,254,4.773765289224684,159:13.2270;166:13.2254;168:12.8146;192:12.7454;558:12.7347;1355:12.6885
post_fence,exp 0.5->0.2,5,1,0.11504423315636814,12.792416903143295,12.2553038748872,102,2255,99220,118,1883,306,681,0,374,246,4.531647000927478,118:12.7924;122:12.2553
post_fence,exp 0.5->0.2,6,1,0.5453662788495421,13.09689665434122,12.230653084949417,299,2231,98164,366,1846,278,667,0,388,270,5.226335934130475,366:13.0969;371:12.7902;372:12.5987;915:12.2307
post_fence,exp 0.5->0.2,7,1,0.44748259894549847,12.657109512436309,12.440098975610647,308,2242,98648,367,1862,307,690,0,382,259,4.470975941047072,367:12.6571;438:12.5481;732:12.4401
post_fence,exp 0.5->0.2,8,1,0.1407276529353112,11.757573793968405,11.757573793968405,114,2287,100628,123,1942,273,619,0,346,214,4.642975763883442,123:11.7576
post_fence,exp 0.5->0.2,9,1,0.09231224097311497,11.227115506164084,10.935249715070304,59,2286,100584,59,1908,275,655,0,380,215,4.839953413931653,59:11.2271;74:10.9352
post_fence,exp 0.5->0.2,10,1,0.2118419618345797,10.626162591079162,10.626162591079162,122,2279,100276,121,1900,288,669,0,380,222,4.800122241023928,121:10.6262
post_fence,exp 0.5->0.2,11,1,0.1506027509458363,11.925852307499115,11.921014396835472,93,2307,101508,92,1912,270,666,0,396,194,4.705010910984129,92:11.9259;1546:11.9210
post_fence,exp 0.5->0.2,12,1,0.12542511615902185,11.724309650671435,11.566476391233788,110,2259,99396,125,1916,292,637,0,345,242,4.263227191986516,125:11.7243;129:11.5665
post_fence,exp 0.5->0.2,13,1,0.17636208492331207,12.334132743804702,11.46690644150404,144,2276,100144,152,1920,300,663,0,362,225,4.323620413895696,152:12.3341;154:12.3181;155:12.2019;160:11.9757;162:11.5039;169:11.4721;187:11.4669
post_fence,exp 0.5->0.2,14,1,0.43888614303432405,11.945376983145568,11.781248041283032,329,2200,96800,388,1834,294,664,0,370,301,3.956195856910199,388:11.9454;426:11.9440;526:11.8674;712:11.7812
post_fence,exp 0.5->0.2,15,1,0.2560452581383288,12.658351739508754,11.763244739317887,219,2278,100232,243,1917,291,656,0,364,223,4.31879143579863,243:12.6584;248:12.4434;253:11.7632
post_fence,exp 0.5->0.2,16,1,0.20791843603365123,11.47518698661728,10.707485239026122,125,2274,100056,130,1924,280,633,0,353,227,4.602927600033581,130:11.4752;134:11.0844;1749:10.7075
post_fence,exp 0.5->0.2,17,1,0.19838646496646106,12.972517658716097,12.972517658716097,118,2255,99220,121,1883,280,653,0,373,246,4.5200309350620955,121:12.9725
post_fence,exp 0.5->0.2,18,1,0.08383205602876842,12.041535820323691,11.279582568450326,57,2260,99440,56,1910,251,603,0,352,241,4.381024830043316,56:12.0415;57:11.2796
post_fence,exp 0.5->0.2,19,1,0.14935374399647117,12.596389217975874,11.562504154047058,97,2242,98648,105,1884,274,638,0,362,259,4.0893247758504,105:12.5964;106:12.4851;113:12.4836;139:12.3753;154:12.1670;165:12.0778;780:11.5937;1335:11.5781;1739:11.5625
