map,variant,runs,success_mean,success_median,success_std,T_first_s_mean,T_first_s_median,T_first_s_std,C_first_mean,C_first_median,C_first_std,C_final_mean,C_final_median,C_final_std,N_query_first_mean,N_query_first_median,N_query_first_std,N_query_mean,N_query_median,N_query_std,pair_queries_mean,pair_queries_median,pair_queries_std,first_iteration_mean,first_iteration_median,first_iteration_std,nodes_mean,nodes_median,nodes_std,region_nodes_mean,region_nodes_median,region_nodes_std,plan_time_s_mean,plan_time_s_median,plan_time_s_std
random_circles,p=0,20,1.0,1.0,0.0,0.3315265133045614,0.2767364119645208,0.15391326494611743,13.357911193675523,13.328351769348783,0.9882781460391225,12.547792167536247,12.579423535856264,0.5856281346148092,181.5,154.5,65.33031455610788,1917.2,1919.0,88.62764805634865,122700.8,122816.0,5672.169475606313,273.55,231.5,114.31074971322688,1920.45,1924.0,89.03059867259121,0.0,0.0,0.0,4.508295884088147,4.740469926968217,0.6599896529092558
random_circles,p=0.2,20,1.0,1.0,0.0,0.16173843835713342,0.14569115091580898,0.06277762723570719,12.650281518093687,12.540773626389209,0.5132642762534451,12.134220581436313,12.149654846262223,0.3476275806638088,95.65,93.5,27.98441530566612,2139.5,2139.0,27.879203718901298,136928.0,136896.0,1784.269038009683,110.4,96.5,40.02299339129946,1918.15,1915.5,28.1838162781409,274.65,274.0,14.964207296078198,4.454580524016637,4.92133904248476,0.7145480772022509
random_circles,p=0.4,20,1.0,1.0,0.0,0.11610632163938135,0.09929173532873392,0.04218777258300884,12.607486308738164,12.538959018879378,0.7469178696826547,11.936591535361726,12.01289730732128,0.25009898107615786,70.4,64.5,20.631044568804555,2260.0,2258.0,26.858890520645115,144640.0,144512.0,1718.9689933212874,75.6,66.0,24.501836665850178,1667.1,1668.0,32.471372006738484,374.5,372.5,16.073269735806715,4.118856605677865,4.301664308994077,0.679086927793696
random_circles,p=0.6,20,1.0,1.0,0.0,0.10383041113382205,0.1060453939717263,0.02579568852492004,12.670909776971536,12.686048989695385,0.5505099175330227,12.024016132344478,12.041074489003968,0.3434273289431603,63.6,67.0,15.308167754502822,2289.6,2290.0,15.957443404254956,146534.4,146560.0,1021.2763778723172,63.85,67.0,15.363186518427744,1608.35,1606.0,46.45134551334331,426.65,425.0,7.058859681279974,4.112527375528589,4.407713718479499,0.6296415261604432
random_circles,p=0.8,20,1.0,1.0,0.0,0.07998800051864237,0.07771538791712373,0.01830534567252286,12.54142342524959,12.498705965171581,0.5294453431653705,11.945204993687796,11.887114342098801,0.32848583650126684,47.6,47.5,10.258654882585727,2299.35,2304.0,17.866938741709504,147158.4,147456.0,1143.4840794694082,47.0,46.5,10.63014581273465,1580.4,1580.5,39.60732255530535,458.95,457.0,14.371760504545016,3.9554634071537293,3.8621959945885465,0.5120241642575505
random_circles,p=1,20,1.0,1.0,0.0,0.06256316346116364,0.05506386305205524,0.02265102135932984,12.563094965358918,12.5805055151938,0.3781797619666071,11.99941251963576,12.017999961645243,0.25556105767503035,40.15,38.0,11.921723868635777,2299.75,2301.5,23.276329177943847,147184.0,147296.0,1489.6850673884062,39.15,37.0,11.921723868635777,1548.4,1546.5,45.43941020743998,466.85,463.0,14.38497480011696,3.858189153380226,4.119610715541057,0.5744996627016711
random_circles,switch 0.5->0.2,20,1.0,1.0,0.0,0.10800874556880444,0.10979735350701958,0.02862980362774252,12.704787175834582,12.615696715042755,0.6150060112761221,12.046139174938348,12.041535188101363,0.21446005454891312,65.75,63.5,18.03572842998031,2135.15,2139.5,31.15970956218944,136649.6,136928.0,1994.2214119801242,68.1,63.0,21.503255567471637,1903.9,1911.0,35.37781790896663,282.1,281.0,11.475626344561764,4.549552038894035,4.9670766750350595,0.7619384526132331
random_circles,exp 0.5->0.2,20,1.0,1.0,0.0,0.1201868594973348,0.10932931851129979,0.04481621727185097,12.621833972536702,12.434648443080947,0.6220095846680194,12.043149961192743,12.050138112928238,0.3054973795619623,71.7,70.5,20.683568357515103,2172.5,2173.0,24.628235828008467,139040.0,139072.0,1576.207092992542,74.55,73.5,23.559446088564986,1876.25,1875.5,32.31389020220252,350.9,351.5,12.23478647136925,4.548009438614827,4.9596954745939,0.7265369852057226
single_post,p=0,20,1.0,1.0,0.0,0.1498071878333576,0.13801812240853906,0.049335734134459686,11.820686635187908,11.930803489579905,0.5369414316255775,11.502218040590817,11.4628220658817,0.432627546572837,97.55,91.5,22.200168918276276,2154.0,2153.5,25.306125740618615,43080.0,43070.0,506.1225148123723,113.3,102.5,30.617152055669713,2156.85,2155.0,25.43476950947266,0.0,0.0,0.0,4.791487603017595,5.212143869372085,0.7464788087035382
single_post,p=0.2,20,1.0,1.0,0.0,0.10898891289252788,0.10597881651483476,0.03349273876305892,12.422442401495951,12.56175942281018,0.634159052323663,11.627935206912507,11.638951776039708,0.32791587555733837,72.0,71.5,17.626684316683043,2232.35,2236.5,20.878876885503203,44647.0,44730.0,417.5775377100641,77.35,75.5,23.337255622716224,1944.3,1943.0,24.31275385471584,204.35,205.0,11.136763443658126,4.42438901202986,4.84010078990832,0.6814829229968912
single_post,p=0.4,20,1.0,1.0,0.0,0.08632402156945318,0.08736572205089033,0.019408314900007877,12.851310016536223,12.907764145359923,0.6336938260104084,11.557433332626296,11.56573987523465,0.3433990533801756,61.0,58.0,15.482247898803326,2320.0,2318.5,18.619881847100963,46400.0,46370.0,372.3976369420193,62.7,59.0,16.343500237097317,1611.9,1608.5,29.88126503346202,290.35,291.0,12.861862229086425,3.7035212399903683,3.8568264869973063,0.6267883214804422
single_post,p=0.6,20,1.0,1.0,0.0,0.07819929358083755,0.07641987304668874,0.025670912192979636,12.925214061476307,12.819932539770992,0.9779010133963837,11.593382487667068,11.5991242603646,0.22283051281941738,50.7,50.5,12.59007545648556,2343.7,2345.0,16.613548687742785,46874.0,46900.0,332.2709737548557,50.05,49.5,12.431713478036725,1469.3,1480.5,50.80265741080874,337.9,334.5,12.80585803450905,3.538028991501778,3.8858254484366626,0.5588420638144223
single_post,p=0.8,20,1.0,1.0,0.0,0.06091263244161382,0.05480258853640407,0.025928128649325907,13.09461833255683,12.930419982945352,1.1261401063935241,11.667566396940668,11.701482746027688,0.24801899370446787,40.45,41.5,10.418613151470785,2358.15,2356.0,15.206166512306776,47163.0,47120.0,304.1233302461355,39.45,40.5,10.418613151470785,1411.6,1412.5,40.74113400483595,366.15,371.5,14.457783370904407,3.2631728621781804,3.620583279058337,0.5426669307442
single_post,p=1,20,1.0,1.0,0.0,0.05138320211553946,0.05181313899811357,0.015205157393615689,12.832306803361657,12.946190578715592,0.749336689565049,11.679261660279415,11.687151400417967,0.33713734662039263,34.5,33.5,6.924593850905626,2364.25,2367.0,17.299927745513852,47285.0,47340.0,345.99855491027705,33.5,32.5,6.924593850905626,1381.8,1373.5,52.24232000973923,387.0,385.5,9.70051545022222,3.289330649632029,3.5387447405373678,0.4850760226518469
single_post,switch 0.5->0.2,20,1.0,1.0,0.0,0.08414816614240408,0.08223805413581431,0.02758398188480788,12.75055455411485,12.788817206198079,0.6865250433628708,11.618402052997721,11.626936643674394,0.3189792332452765,54.75,50.5,13.909978432765453,2233.5,2229.0,17.528548142958105,44670.0,44580.0,350.5709628591621,54.95,52.0,14.172067597919508,1934.4,1934.0,27.284427793157032,208.75,210.0,10.871407452579449,4.396551525266841,4.772569922031835,0.7148854251442486
single_post,exp 0.5->0.2,20,1.0,1.0,0.0,0.08434939570724964,0.08135951601434499,0.03585380616422053,12.55731496864438,12.441918657642171,0.6636060566994104,11.715536773377924,11.72330544330773,0.3359904142388562,55.25,52.0,15.530212490497354,2240.2,2239.5,18.189557443764265,44804.0,44790.0,363.79114887528533,55.55,54.0,16.518096137267154,1861.9,1859.0,23.78423847845459,270.3,269.5,9.487360012142473,4.205009941256139,4.436762729426846,0.6332277878894415
post_fence,p=0,20,1.0,1.0,0.0,0.2519927502027713,0.16703311901073903,0.2216406490885939,11.839009035330035,11.52094960688017,0.9010199802436828,11.475563500167798,11.147566662512137,0.8921225032133921,145.5,100.5,104.53253082174945,2066.8,2096.0,88.57629479719729,90939.2,92224.0,3897.3569710766806,215.65,119.0,216.62808566757911,2069.75,2099.0,88.51320522950233,0.0,0.0,0.0,4.7144362412393095,4.923018050030805,0.6377914163678436
post_fence,p=0.2,20,1.0,1.0,0.0,0.2439583587227389,0.17739026143681258,0.1644721143194683,12.129834512322136,12.259786689450511,0.7368904599083472,11.695486663241129,11.612699897157647,0.7072870261987185,142.35,114.0,76.52076515560988,2188.4,2194.5,33.593749418604645,96289.6,96558.0,1478.1249744186043,179.05,133.0,118.60753559534066,1929.75,1932.5,29.736971937303906,237.95,240.0,10.83731977935504,4.499515246599913,4.909118583891541,0.6789168766854768
post_fence,p=0.4,20,1.0,1.0,0.0,0.16514955417951568,0.1447146930731833,0.08696963748358631,12.274966109730924,12.267371482142746,1.1715038516619511,11.451758196923695,11.507222681743738,0.6361690502174268,113.25,97.0,72.0457320040542,2293.15,2296.5,18.542586119524966,100898.6,101046.0,815.8737892590987,124.05,100.0,91.36053579089824,1631.6,1628.0,23.906902768865734,327.75,330.5,15.263928065868235,3.782657152588945,3.8093323494540527,0.6801366436118466
post_fence,p=0.6,20,1.0,1.0,0.0,0.28721197019331157,0.3002637925092131,0.1598988369957143,12.539886447586536,12.31341846971846,1.118954447309941,11.771392342454018,11.726337747231145,0.6401042630915399,174.5,172.0,83.1237029974002,2318.75,2317.5,27.64755866256549,102025.0,101970.0,1216.4925811528815,184.25,178.5,92.02601534348861,1562.0,1567.5,42.1473605342019,378.75,377.0,13.866776842511024,3.7572429886553436,4.0892443775665015,0.6078590865203048
post_fence,p=0.8,20,1.0,1.0,0.0,0.35402294495142994,0.3540589225012809,0.15449499414583426,12.799043631285363,12.637334879716107,0.9041475524732463,11.935714836548607,11.832034458520049,0.6385507401913233,246.3,221.0,136.11285758516718,2322.7,2323.5,28.19237485562364,102198.8,102234.0,1240.4644936474401,256.25,223.5,153.133560985174,1503.7,1514.5,47.53956247169298,399.15,400.5,13.871823960820725,3.7106122398981825,4.054789807414636,0.6123875938216212
post_fence,p=1,20,1.0,1.0,0.0,0.47747486530570316,0.4947388374712318,0.13145283573496097,12.940501931776563,12.840030710735823,0.7173497023347332,12.101148345436105,12.062824794796057,0.7444920940374733,385.1,351.5,80.35726476181229,2324.7,2325.5,23.36899655526527,102286.8,102322.0,1028.235848431672,396.25,354.5,98.95042950892129,1495.95,1488.0,53.159641646647685,406.75,405.0,16.489011492506155,3.476454073458444,3.4202553490176797,0.6289643020696847
post_fence,switch 0.5->0.2,20,1.0,1.0,0.0,0.2586898585432209,0.17777730396483094,0.21413757960865323,12.941287073694927,12.949909404562451,0.8889392695978685,12.050176312163781,12.076796477507514,0.7372670260330046,159.35,121.5,126.21421274959486,2194.25,2194.5,32.814440418815614,96547.0,96558.0,1443.8353784278872,177.95,129.5,161.2415811755764,1920.1,1921.0,59.5725607977364,274.0,274.0,21.12581359380036,4.4848762566107325,4.809020850108936,0.6739472714511009
post_fence,exp 0.5->0.2,20,1.0,1.0,0.0,0.2531998531194404,0.20970096939709038,0.13936841664038485,12.393587606135558,12.382707437491181,0.9627038442579801,11.793895821341293,11.84316969368938,0.6887451993404418,155.45,130.0,75.33091994659297,2209.8,2206.0,22.096606074236828,97231.2,97064.0,972.2506672664206,174.75,145.0,93.71225906998507,1879.05,1883.5,26.5659086048266,317.75,318.5,12.177335504945242,3.9082041011657567,3.8332959725521505,0.5092500852662362
