scenario_name,step,time,formation_name,e_track,e_dist,e_sim,reached_goal,obstacle_collision,inter_robot_collision
narrowing_corridor,0,0.0,t_shape,0.317540058281725,0.15236892706218272,0.20778437263700233,False,False,False
narrowing_corridor,1,0.2,t_shape,0.2989995333239607,0.17700233613188643,0.21991373331701267,False,False,False
narrowing_corridor,2,0.4,t_shape,0.2826819924931998,0.18533124849248828,0.2358672674204167,False,False,False
narrowing_corridor,3,0.6000000000000001,t_shape,0.25642392064572805,0.19377208171828816,0.24596809108959966,False,False,False
narrowing_corridor,4,0.8,t_shape,0.23687402855200412,0.19902784118651917,0.256955187022305,False,False,False
narrowing_corridor,5,1.0,t_shape,0.21818802114602376,0.19641245753446376,0.25875252584926006,False,False,False
narrowing_corridor,6,1.2000000000000002,t_shape,0.1903630625339218,0.1759761921689719,0.23655557547887207,False,False,False
narrowing_corridor,7,1.4000000000000001,t_shape,0.1574817441015552,0.16245424459961297,0.18727280362283444,False,False,False
narrowing_corridor,8,1.6,t_shape,0.1330881983699595,0.14552294110944017,0.1450852097562163,False,False,False
narrowing_corridor,9,1.8,t_shape,0.11754339945283934,0.12607681921859268,0.11272539292563064,False,False,False
narrowing_corridor,10,2.0,t_shape,0.15441455957912195,0.10777065798031314,0.09183304667157692,False,False,False
narrowing_corridor,11,2.2,t_shape,0.1292282709335124,0.09506898930199391,0.10523252287519931,False,False,False
narrowing_corridor,12,2.4000000000000004,t_shape,0.11175744440331528,0.09801478403896374,0.1219467381285047,False,False,False
narrowing_corridor,13,2.6,t_shape,0.09590072574498601,0.09574832701175302,0.11780454928797031,False,False,False
narrowing_corridor,14,2.8000000000000003,t_shape,0.08008997105469431,0.08115781005714318,0.0918603489701645,False,False,False
narrowing_corridor,15,3.0,t_shape,0.0642724511235199,0.06403559290627177,0.06458281909944914,False,False,False
narrowing_corridor,16,3.2,t_shape,0.052291787484946395,0.055537354609492905,0.04133452471983853,False,False,False
narrowing_corridor,17,3.4000000000000004,t_shape,0.04967474569431208,0.049423843803621303,0.027226742832555197,False,False,False
narrowing_corridor,18,3.6,t_shape,0.05563583874995674,0.03937967818134285,0.021867544731202306,False,False,False
narrowing_corridor,19,3.8000000000000003,t_shape,0.06027570436405327,0.04053431581836864,0.03058010633145281,False,False,False
narrowing_corridor,20,4.0,t_shape,0.06890827554455575,0.04891630100506214,0.047327049921148286,False,False,False
narrowing_corridor,21,4.2,t_shape,0.0631589516746418,0.05788537905121655,0.06569650092956993,False,False,False
narrowing_corridor,22,4.4,t_shape,0.05556690210420013,0.06312529051406406,0.07428408465997716,False,False,False
narrowing_corridor,23,4.6000000000000005,t_shape,0.04967065880110855,0.06254173241729162,0.07376235088036816,False,False,False
narrowing_corridor,24,4.800000000000001,t_shape,0.0481800084427935,0.059746831487964565,0.06984586162665536,False,False,False
narrowing_corridor,25,5.0,t_shape,0.0485228211252557,0.05823824807513659,0.06823004231376616,False,False,False
narrowing_corridor,26,5.2,t_shape,0.04758406342615498,0.05764807617937506,0.06823181183932797,False,False,False
narrowing_corridor,27,5.4,t_shape,0.04545351098179637,0.056423173849453924,0.06730033513793977,False,False,False
narrowing_corridor,28,5.6000000000000005,t_shape,0.042922898329293246,0.053610245302474345,0.06366753401298053,False,False,False
narrowing_corridor,29,5.800000000000001,t_shape,0.041044611550122775,0.04946620280581765,0.05778594396200255,False,False,False
narrowing_corridor,30,6.0,t_shape,0.05051260861274311,0.046036606949361264,0.05316276311800164,False,False,False
narrowing_corridor,31,6.2,t_shape,0.03728731474808201,0.04045561317794047,0.04441725523512,False,False,False
narrowing_corridor,32,6.4,t_shape,0.027774145619382764,0.03634643705838312,0.03896806368458453,False,False,False
narrowing_corridor,33,6.6000000000000005,t_shape,0.023610207190522176,0.035305887586534024,0.03674710024433117,False,False,False
narrowing_corridor,34,6.800000000000001,t_shape,0.024233340074128668,0.035621454765633054,0.03830957982245578,False,False,False
narrowing_corridor,35,7.0,t_shape,0.027929616151908532,0.03534340971360713,0.04114148180433457,False,False,False
narrowing_corridor,36,7.2,t_shape,0.04527047719644709,0.03885315253734853,0.036516602537719954,False,False,False
narrowing_corridor,37,7.4,t_shape,0.058289086563024665,0.0646808263969993,0.05450314550930875,False,False,False
narrowing_corridor,38,7.6000000000000005,t_shape,0.048588131926533856,0.06282143441749123,0.044049003759963075,False,False,False
narrowing_corridor,39,7.800000000000001,t_shape,0.04950417351259515,0.07206124823016238,0.04910154110099216,False,False,False
narrowing_corridor,40,8.0,t_shape,0.39540503867270055,0.08797311300811284,0.08363011816744936,False,False,False
narrowing_corridor,41,8.200000000000001,t_shape,0.37821566542846485,0.12329012870403278,0.16365263669844513,False,False,False
