k,cx,cy,theta_rad,rho,robot0_x,robot0_y,robot1_x,robot1_y,robot2_x,robot2_y,robot3_x,robot3_y
0,-5.000000,0.000000,0.000000,0.577000,-5.250000,-0.250000,-5.250000,0.250000,-4.750000,-0.250000,-4.750000,0.250000
1,-4.492514,0.281358,0.249592,1.030480,-4.673016,-0.022648,-4.796520,0.461859,-4.188509,0.100857,-4.312013,0.585363
2,-3.400498,0.512623,0.395524,1.841404,-3.534874,0.185601,-3.727519,0.646999,-3.073476,0.378247,-3.266122,0.839645
3,-2.515091,0.571914,0.826208,1.283534,-2.500667,0.218655,-2.868350,0.557490,-2.161832,0.586339,-2.529516,0.925173
4,-1.554214,0.860785,1.178559,0.590094,-1.418764,0.534206,-1.880792,0.725335,-1.227636,0.996234,-1.689664,1.187363
5,-0.943717,0.984354,1.273149,0.317807,-0.778028,0.672029,-1.256042,0.818665,-0.631392,1.150043,-1.109406,1.296679
6,0.089934,1.203762,1.284176,0.750918,0.259058,0.893282,-0.220545,1.034638,0.400414,1.372885,-0.079189,1.514241
7,0.678946,1.220886,1.271897,0.585515,0.844244,0.908353,0.366414,1.055588,0.991479,1.386184,0.513648,1.533418
8,1.448337,1.244903,1.387785,0.424687,1.648664,0.953580,1.157014,1.044576,1.739660,1.445230,1.248010,1.536226
9,1.970716,1.266051,1.526626,0.509988,2.209433,1.005256,1.709921,1.027334,2.231511,1.504768,1.731999,1.526846
10,3.007494,0.910147,1.422780,0.936761,3.217891,0.626011,2.723358,0.699750,3.291630,1.120544,2.797097,1.194282
11,3.817130,0.516783,0.788293,1.047498,3.818153,0.163231,3.463578,0.515759,4.170681,0.517806,3.816106,0.870335
12,4.789626,0.071746,0.887024,0.685645,4.825494,-0.279983,4.437897,0.035878,5.141355,0.107614,4.753758,0.423475
13,5.000000,0.000000,0.887024,0.475271,5.035868,-0.351729,4.648271,-0.035868,5.351729,0.035868,4.964132,0.351729
