k,cx,cy,theta_rad,guarded_clearance,robot0_x,robot0_y,robot1_x,robot1_y,robot2_x,robot2_y,robot3_x,robot3_y
0,-5.000000,0.000000,0.000000,0.327000,-5.500000,-0.500000,-5.500000,0.500000,-4.500000,-0.500000,-4.500000,0.500000
1,-4.823537,-0.016614,0.003007,0.501962,-5.322031,-0.518115,-5.325038,0.481880,-4.322035,-0.515108,-4.325043,0.484888
2,-4.241019,-0.071458,0.012935,1.079555,-4.734510,-0.577883,-4.747445,0.422033,-3.734594,-0.564948,-3.747528,0.434968
3,-3.869983,-0.086649,0.042595,1.436179,-4.348239,-0.607486,-4.390821,0.391607,-3.349146,-0.564904,-3.391728,0.434189
4,-3.135371,-0.116725,0.101318,2.143621,-3.582235,-0.664733,-3.683379,0.330139,-2.587363,-0.563589,-2.688507,0.431283
5,-2.900026,-0.113348,0.101093,2.160234,-3.347013,-0.661256,-3.447934,0.333639,-2.352119,-0.560335,-2.453039,0.434559
6,-2.685650,-0.110273,0.100888,1.952625,-3.132749,-0.658089,-3.233466,0.336827,-2.137834,-0.557372,-2.238551,0.437544
7,-1.937920,-0.134641,0.184844,1.203084,-2.337506,-0.718020,-2.521300,0.264945,-1.354541,-0.534226,-1.538335,0.448738
8,-1.602674,-0.145566,0.222486,0.879609,-1.980022,-0.743570,-2.200678,0.231782,-1.004670,-0.522915,-1.225326,0.452437
9,-1.144664,-0.080172,0.222757,0.459673,-1.521850,-0.678278,-1.742770,0.297014,-0.546558,-0.457358,-0.767478,0.517934
10,-0.976770,-0.056200,0.222857,0.322440,-1.353897,-0.654343,-1.574914,0.320927,-0.378627,-0.433327,-0.599644,0.541943
11,-0.729854,-0.053878,0.184482,0.223779,-1.129651,-0.637113,-1.313088,0.345919,-0.146619,-0.453675,-0.330056,0.529356
12,-0.565462,-0.052333,0.158933,0.213957,-0.980028,-0.625163,-1.138292,0.362234,0.007369,-0.466899,-0.150895,0.520498
13,-0.469393,-0.000205,0.200278,0.155776,-0.859928,-0.589682,-1.058870,0.390329,0.120083,-0.390740,-0.078859,0.589271
14,-0.406815,0.033750,0.227211,0.138611,-0.781333,-0.566029,-1.006594,0.408269,0.192965,-0.340769,-0.032296,0.633530
15,-0.367643,0.064120,0.247114,0.129599,-0.730151,-0.542994,-0.974757,0.426628,0.239471,-0.298388,-0.005135,0.671234
16,-0.330751,0.092722,0.265858,0.130222,-0.681816,-0.521080,-0.944553,0.443787,0.283052,-0.258342,0.020314,0.706525
17,-0.214579,0.090702,0.274269,0.160944,-0.560469,-0.526032,-0.831313,0.436592,0.402154,-0.255188,0.131310,0.707435
18,0.045718,0.086174,0.293116,0.291955,-0.288488,-0.536968,-0.577424,0.420380,0.668861,-0.248032,0.379924,0.709317
19,0.232721,0.082921,0.192616,0.276061,-0.162319,-0.503545,-0.353746,0.477961,0.819188,-0.312118,0.627761,0.669388
20,0.379212,0.080373,0.113888,0.224089,-0.060728,-0.473208,-0.174370,0.520313,0.932794,-0.359567,0.819152,0.633955
21,0.492787,0.031264,0.116534,0.220806,0.054313,-0.523480,-0.061957,0.469738,1.047531,-0.407209,0.931260,0.586008
22,0.582759,-0.007639,0.118631,0.177524,0.145450,-0.563302,0.027097,0.429670,1.138421,-0.444949,1.020069,0.548023
23,0.689662,-0.099095,0.152678,0.087668,0.271522,-0.669322,0.119436,0.319046,1.259889,-0.517236,1.107803,0.471131
24,0.728763,-0.132546,0.165131,0.064906,0.317756,-0.707935,0.153374,0.278462,1.304152,-0.543553,1.139770,0.442844
25,0.782509,-0.130878,0.173210,0.089672,0.376163,-0.709569,0.203818,0.275468,1.361199,-0.537224,1.188854,0.447813
26,0.935769,-0.126122,0.196247,0.185394,0.542862,-0.714019,0.347872,0.266786,1.523667,-0.519030,1.328677,0.461776
27,1.085136,-0.107249,0.217585,0.307048,0.704861,-0.703395,0.488989,0.273026,1.681282,-0.487523,1.465410,0.488898
28,1.988617,0.006912,0.346654,1.130053,1.688236,-0.633222,1.348484,0.307293,2.628751,-0.293470,2.288998,0.647045
29,2.335006,0.032239,0.316251,1.487258,2.015305,-0.598468,1.704299,0.351940,2.965713,-0.287462,2.654707,0.662946
30,3.005347,0.081253,0.257416,2.181167,2.649112,-0.529563,2.394530,0.437488,3.616163,-0.274981,3.361581,0.692070
31,3.725243,0.043874,0.367920,1.455381,3.438542,-0.602503,3.078867,0.330575,4.371619,-0.242827,4.011944,0.690250
32,4.081229,0.025390,0.422564,1.084701,3.830259,-0.635681,3.420158,0.276360,4.742299,-0.225581,4.332199,0.686460
33,4.877076,0.003397,0.417062,0.290244,4.622473,-0.656282,4.217397,0.258001,5.536756,-0.251207,5.131680,0.663076
34,5.000000,0.000000,0.416212,0.167537,4.744836,-0.659463,4.340537,0.255164,5.659463,-0.255164,5.255164,0.659463
